Country;Election type;Year;Voter Turnout;Total vote;Registration;VAP Turnout;Voting age population;Population;Invalid votes;Freedom House;Freedom House - Political Rights;Freedom House - Civil liberties;Compulsory voting
Albania;Parliamentary;2017;46.76 %;1.614.479;3.452.324;68.50 %;2.356.975;3.047.987;1.97 %;3.0 ;3 ;3 ;No
Albania;Parliamentary;2013;53.31 %;1.744.261;3.271.885;76.68 %;2.274.815;3.011.405;1.84 %;3.0 ;3 ;3 ;No
Albania;Parliamentary;2009;50.77 %;1.566.079;3.084.946;69.11 %;2.266.221;3.194.417;2.99 %;3.0 ;3 ;3 ;No
Albania;Parliamentary;2005;48.73 %;1.389.320;2.850.821;58.96 %;2.356.387;3.563.112;1.58 %;3.0 ;3 ;3 ;No
Albania;Parliamentary;2001;54.95 %;1.373.210;2.499.238;67.30 %;2.040.574;3.490.435;3.60 %;3.5 ;3 ;4 ;No
Albania;Parliamentary;1997;72.56 %;1.412.929;1.947.235;63.40 %;2.228.430;3.510.500;;4.0 ;4 ;4 ;No
Albania;Parliamentary;1996;89.08 %;1.963.344;2.204.002;89.53 %;2.193.030;3.481.000;;4.0 ;4 ;4 ;No
Albania;Parliamentary;1992;91.50 %;1.830.000;2.000.000;89.21 %;2.051.430;3.363.000;;3.5 ;4 ;3 ;No
Albania;Parliamentary;1991;98.92 %;1.963.568;1.984.933;98.89 %;1.985.550;3.255.000;;4.0 ;4 ;4 ;No
Andorra;Parliamentary;2015;65.62 %;16.084;24.512;22.97 %;70.017;85.458;8.17 %;1.0 ;1 ;1 ;No
Andorra;Parliamentary;2011;74.12 %;16.197;21.852;23.38 %;69.267;84.825;4.24 %;1.0 ;1 ;1 ;No
Andorra;Parliamentary;2009;75.34 %;15.293;20.298;25.98 %;58.867;83.888;0.89 %;1.0 ;1 ;1 ;No
Andorra;Parliamentary;2005;80.38 %;12.879;16.022;21.02 %;61.268;71.201;0.90 %;1.0 ;1 ;1 ;No
Andorra;Parliamentary;2001;81.64 %;10.892;13.342;15.94 %;68.338;67.627;5.70 %;1.0 ;1 ;1 ;No
Andorra;Parliamentary;1997;81.59 %;8.842;10.837;81.59 %;10.837;70.000;5.19 %;1.0 ;1 ;1 ;No
Andorra;Parliamentary;1993;80.92 %;7.829;9.675;80.92 %;9.675;63.000;;1.5 ;2 ;1 ;No
Austria;Parliamentary;2017;80.00 %;5.120.881;6.400.993;68.79 %;7.443.978;8.754.413;0.99 %;1.0 ;1 ;1 ;No
Austria;Parliamentary;2013;74.91 %;4.782.563;6.384.331;65.87 %;7.260.801;8.562.634;1.90 %;1.0 ;1 ;1 ;No
Austria;Parliamentary;2008;78.81 %;4.990.952;6.333.109;75.61 %;6.600.595;8.205.533;2.10 %;1.0 ;1 ;1 ;No
Austria;Parliamentary;2006;78.49 %;4.793.780;6.107.892;73.21 %;6.548.332;8.192.880;1.78 %;1.0 ;1 ;1 ;No
Austria;Parliamentary;2002;84.27 %;4.982.261;5.912.592;77.45 %;6.432.768;8.150.835;1.50 %;1.0 ;1 ;1 ;No
Austria;Parliamentary;1999;80.42 %;4.695.192;5.838.373;72.64 %;6.463.384;8.156.351;1.50 %;1.0 ;1 ;1 ;No
Austria;Parliamentary;1995;85.98 %;4.959.539;5.768.009;78.64 %;6.306.300;8.085.000;2.30 %;1.0 ;1 ;1 ;No
Austria;Parliamentary;1994;82.46 %;4.760.987;5.774.000;76.02 %;6.263.129;8.029.717;1.70 %;1.0 ;1 ;1 ;No
Austria;Parliamentary;1990;86.14 %;4.848.741;5.628.912;80.47 %;6.025.250;7.825.000;3.00 %;1.0 ;1 ;1 ;No
Austria;Parliamentary;1986;90.46 %;4.940.298;5.461.414;87.07 %;5.673.750;7.565.000;1.80 %;1.0 ;1 ;1 ;No
Austria;Parliamentary;1983;92.59 %;4.922.454;5.316.436;86.91 %;5.664.000;7.552.000;1.40 %;1.0 ;1 ;1 ;No
Austria;Parliamentary;1979;92.24 %;4.784.173;5.186.735;86.81 %;5.510.770;7.549.000;1.10 %;1.0 ;1 ;1 ;No
Austria;Parliamentary;1975;92.90 %;4.662.684;5.019.277;86.65 %;5.381.090;7.579.000;1.10 %;1.0 ;1 ;1 ;No
Austria;Parliamentary;1971;92.44 %;4.607.616;4.984.448;88.23 %;5.222.000;7.460.000;1.10 %;1.0 ;;;No
Austria;Parliamentary;1970;91.78 %;4.630.851;5.045.841;89.52 %;5.173.000;7.390.000;0.90 %;;;;No
Austria;Parliamentary;1966;93.80 %;4.583.970;4.886.818;89.83 %;5.103.000;7.290.000;1.10 %;;;;No
Austria;Parliamentary;1962;93.77 %;4.506.007;4.805.351;90.28 %;4.991.000;7.130.000;1.10 %;;;;No
Austria;Parliamentary;1959;94.21 %;4.424.658;4.696.603;89.67 %;4.934.300;7.049.000;1.40 %;;;;No
Austria;Parliamentary;1956;95.95 %;4.427.711;4.614.464;89.31 %;4.957.930;6.983.000;1.70 %;;;;No
Austria;Parliamentary;1953;95.83 %;4.395.519;4.586.870;89.03 %;4.937.340;6.939.000;1.70 %;;;;No
Austria;Parliamentary;1949;96.78 %;4.250.616;4.391.815;86.24 %;4.928.820;6.942.000;1.30 %;;;;No
Austria;Parliamentary;1945;94.31 %;3.253.329;3.449.605;67.39 %;4.827.290;6.799.000;1.10 %;;;;No
Austria;Presidential;2016;72.75 %;4.643.154;6.382.507;62.69 %;7.406.128;8.711.770;3.60 %;1.0 ;1 ;1 ;No
Austria;Presidential;2010;53.57 %;3.404.646;6.355.800;47.84 %;7.117.194;8.447.901;7.13 %;1.0 ;1 ;1 ;No
Austria;Presidential;2004;71.60 %;4.318.439;6.030.982;66.50 %;6.493.724;8.188.207;4.20 %;1.0 ;1 ;1 ;No
Austria;Presidential;1998;74.40 %;4.351.272;5.848.584;68.59 %;6.344.138;8.087.215;4.20 %;1.0 ;1 ;1 ;No
Austria;Presidential;1992;80.91 %;4.592.927;5.676.903;75.66 %;6.070.680;7.884.000;3.20 %;1.0 ;1 ;1 ;No
Austria;Presidential;1986;87.29 %;4.745.849;5.436.846;83.65 %;5.673.750;7.565.000;3.70 %;1.0 ;1 ;1 ;No
Austria;Presidential;1980;91.63 %;4.779.054;5.215.875;86.72 %;5.510.770;7.549.000;7.30 %;1.0 ;1 ;1 ;Yes
Austria;Presidential;1974;94.06 %;4.733.016;5.031.772;88.53 %;5.346.300;7.530.000;2.20 %;1.0 ;1 ;1 ;Yes
Austria;Presidential;1971;95.29 %;4.787.706;5.024.324;91.68 %;5.222.000;7.460.000;1.60 %;;;;Yes
Austria;Presidential;1965;95.99 %;4.679.427;4.874.928;92.21 %;5.075.000;7.250.000;2.00 %;;;;Yes
Austria;Presidential;1963;95.58 %;4.654.657;4.869.928;92.71 %;5.020.400;7.172.000;3.90 %;;;;Yes
Austria;Presidential;1957;97.16 %;4.499.565;4.630.997;90.57 %;4.967.870;6.997.000;1.80 %;;;;Yes
Austria;Presidential;1951;96.89 %;4.373.194;4.513.597;88.77 %;4.926.690;6.939.000;4.30 %;;;;Yes
Austria;EU Parliament;2014;45.39 %;2.909.497;6.410.602;39.77 %;7.315.273;8.615.828;3.00 %;1.0 ;1 ;1 ;No
Austria;EU Parliament;2009;45.97 %;2.925.132;6.362.761;41.32 %;7.078.928;8.428.464;2.07 %;1.0 ;1 ;1 ;No
Austria;EU Parliament;2004;42.43 %;2.566.639;6.049.129;39.95 %;6.424.824;8.140.122;2.60 %;1.0 ;1 ;1 ;No
Austria;EU Parliament;1999;49.01 %;2.865.977;5.847.605;46.11 %;6.215.766;7.982.461;;1.0 ;1 ;1 ;No
Austria;EU Parliament;1996;67.73 %;3.928.538;5.800.377;63.64 %;6.172.678;7.953.067;;1.0 ;1 ;1 ;No
Belarus;Parliamentary;2016;74.68 %;5.211.871;6.978.490;66.84 %;7.797.893;9.570.376;;6.5 ;7 ;6 ;No
Belarus;Parliamentary;2012;74.20 %;5.210.676;7.022.221;65.92 %;7.904.831;9.643.566;;6.5 ;7 ;6 ;No
Belarus;Parliamentary;2008;76.74 %;5.384.647;7.016.711;69.56 %;7.741.235;9.685.768;2.10 %;6.5 ;7 ;6 ;No
Belarus;Parliamentary;2004;90.14 %;6.297.600;6.986.163;82.43 %;7.640.118;10.310.520;3.20 %;6.5 ;7 ;6 ;No
Belarus;Parliamentary;2000;61.08 %;4.430.878;7.254.752;58.24 %;7.607.585;10.142.706;;6.0 ;6 ;6 ;No
Belarus;Parliamentary;1995;56.40 %;4.199.431;7.445.800;54.88 %;7.652.340;10.341.000;;5.0 ;5 ;5 ;No
Belarus;Presidential;2015;87.22 %;6.113.013;7.008.682;78.08 %;7.828.768;9.589.689;0.80 %;6.5 ;7 ;6 ;No
Belarus;Presidential;2010;90.65 %;6.441.031;7.105.660;81.66 %;7.887.472;9.612.632;;6.5 ;7 ;6 ;No
Belarus;Presidential;2006;92.94 %;6.630.653;7.133.978;86.18 %;7.694.370;10.300.483;5.20 %;6.5 ;7 ;6 ;No
Belarus;Presidential;2001;83.86 %;6.169.087;7.356.343;81.34 %;7.584.762;10.112.278;2.20 %;6.0 ;6 ;6 ;No
Belarus;Presidential;1994;69.90 %;5.032.800;7.200.000;65.68 %;7.662.700;10.355.000;;4.0 ;4 ;4 ;No
Belgium;Parliamentary;2014;89.37 %;7.157.498;8.008.776;87.21 %;8.206.762;10.449.361;5.78 %;1.0 ;1 ;1 ;Yes
Belgium;Parliamentary;2010;89.22 %;6.929.855;7.767.552;84.65 %;8.186.446;10.423.493;5.80 %;1.0 ;1 ;1 ;Yes
Belgium;Parliamentary;2007;91.08 %;7.032.077;7.720.796;86.00 %;8.176.805;10.392.226;5.13 %;1.0 ;1 ;1 ;Yes
Belgium;Parliamentary;2003;91.63 %;6.934.605;7.570.637;85.92 %;8.070.793;10.274.595;4.30 %;1.0 ;1 ;1 ;Yes
Belgium;Parliamentary;1999;90.57 %;6.650.796;7.343.466;83.14 %;7.999.572;10.199.967;6.86 %;1.5 ;1 ;2 ;Yes
Belgium;Parliamentary;1995;91.15 %;6.562.149;7.199.440;83.20 %;7.887.360;10.112.000;7.50 %;1.0 ;1 ;1 ;Yes
Belgium;Parliamentary;1991;92.71 %;6.623.897;7.144.884;85.10 %;7.783.620;9.979.000;7.00 %;1.0 ;1 ;1 ;Yes
Belgium;Parliamentary;1987;93.38 %;6.573.045;7.039.250;86.49 %;7.599.900;9.870.000;6.60 %;1.0 ;1 ;1 ;Yes
Belgium;Parliamentary;1985;93.59 %;6.552.234;7.001.297;86.32 %;7.590.660;9.858.000;7.40 %;1.0 ;1 ;1 ;Yes
Belgium;Parliamentary;1981;94.56 %;6.504.056;6.878.141;94.31 %;6.896.400;9.852.000;7.40 %;1.0 ;1 ;1 ;Yes
Belgium;Parliamentary;1978;94.87 %;6.039.916;6.366.652;87.78 %;6.881.000;9.830.000;8.40 %;1.0 ;1 ;1 ;Yes
Belgium;Parliamentary;1977;95.07 %;6.005.195;6.316.292;89.91 %;6.678.960;9.822.000;7.20 %;1.0 ;1 ;1 ;Yes
Belgium;Parliamentary;1974;90.35 %;5.711.996;6.322.227;85.71 %;6.664.000;9.800.000;7.90 %;1.0 ;1 ;1 ;Yes
Belgium;Parliamentary;1971;91.55 %;5.741.270;6.271.240;88.61 %;6.478.900;9.670.000;8.00 %;;;;Yes
Belgium;Parliamentary;1968;90.02 %;5.554.652;6.170.167;86.18 %;6.445.400;9.620.000;6.80 %;;;;Yes
Belgium;Parliamentary;1965;91.58 %;5.578.876;6.091.534;88.02 %;6.338.200;9.460.000;7.10 %;;;;Yes
Belgium;Parliamentary;1961;92.34 %;5.573.861;6.036.165;87.96 %;6.336.960;9.184.000;5.50 %;;;;Yes
Belgium;Parliamentary;1958;93.62 %;5.575.127;5.954.858;89.25 %;6.246.570;9.053.000;4.90 %;;;;Yes
Belgium;Parliamentary;1954;93.18 %;5.463.130;5.863.092;88.50 %;6.173.300;8.819.000;5.50 %;;;;Yes
Belgium;Parliamentary;1950;92.62 %;5.219.276;5.635.452;86.31 %;6.047.300;8.639.000;5.30 %;;;;Yes
Belgium;Parliamentary;1949;94.41 %;5.320.263;5.635.452;88.23 %;6.029.800;8.614.000;5.40 %;;;;Yes
Belgium;Parliamentary;1946;90.30 %;2.460.609;2.724.796;42.01 %;5.856.900;8.367.000;3.86 %;;;;Yes
Belgium;EU Parliament;2014;89.64 %;7.125.161;7.948.854;86.82 %;8.206.928;10.449.361;6.10 %;1.0 ;1 ;1 ;Yes
Belgium;EU Parliament;2009;90.39 %;7.014.415;7.760.436;83.94 %;8.356.666;10.414.336;6.31 %;1.0 ;1 ;1 ;Yes
Belgium;EU Parliament;2004;90.81 %;6.857.986;7.552.240;84.56 %;8.110.168;10.396.421;5.37 %;1.0 ;1 ;1 ;Yes
Belgium;EU Parliament;1999;91.05 %;6.686.220;7.343.464;84.51 %;7.912.208;10.213.752;6.93 %;1.5 ;1 ;2 ;Yes
Belgium;EU Parliament;1994;90.66 %;6.537.968;7.211.311;84.03 %;7.780.372;10.100.631;8.74 %;1.0 ;1 ;1 ;Yes
Belgium;EU Parliament;1989;90.73 %;6.438.738;7.096.273;84.98 %;7.577.049;9.927.612;8.38 %;1.0 ;1 ;1 ;Yes
Belgium;EU Parliament;1984;92.09 %;6.424.186;6.975.855;87.35 %;7.354.192;9.853.023;11.00 %;1.0 ;1 ;1 ;Yes
Belgium;EU Parliament;1979;91.36 %;6.212.731;6.800.584;86.69 %;7.166.956;9.841.654;12.39 %;1.0 ;1 ;1 ;Yes
Bosnia and Herzegovina;Parliamentary;2018;54.03 %;1.812.960;3.355.429;56.15 %;3.228.803;3.849.891;8.63 %;4.0 ;4 ;4 ;No
Bosnia and Herzegovina;Parliamentary;2014;54.54 %;1.788.181;3.278.908;59.32 %;3.014.585;3.871.643;8.76 %;3.0 ;3 ;3 ;No
Bosnia and Herzegovina;Parliamentary;2010;56.49 %;1.769.249;3.132.231;58.77 %;3.010.376;4.621.598;7.22 %;3.5 ;4 ;3 ;No
Bosnia and Herzegovina;Parliamentary;2006;54.94 %;1.513.597;2.755.207;42.76 %;3.539.921;4.498.976;6.70 %;3.5 ;4 ;3 ;No
Bosnia and Herzegovina;Parliamentary;2002;55.45 %;1.298.827;2.342.141;40.86 %;3.178.427;3.964.388;;4.0 ;4 ;4 ;No
Bosnia and Herzegovina;Parliamentary;2000;63.70 %;1.597.805;2.508.349;52.33 %;3.053.221;4.269.483;;4.5 ;5 ;4 ;No
Bosnia and Herzegovina;Parliamentary;1998;70.74 %;1.879.339;2.656.758;57.72 %;3.256.197;4.022.835;;5.0 ;5 ;5 ;No
Bosnia and Herzegovina;Parliamentary;1996;46.06 %;1.335.707;2.900.000;51.92 %;2.572.520;3.524.000;;5.0 ;5 ;5 ;No
Bosnia and Herzegovina;Presidential;2018;54.02 %;1.812.575;3.355.429;56.14 %;3.228.803;3.849.891;6.63 %;4.0 ;4 ;4 ;No
Bosnia and Herzegovina;Presidential;2014;54.54 %;1.788.193;3.278.908;59.32 %;3.014.585;3.871.643;7.69 %;3.0 ;3 ;3 ;No
Bosnia and Herzegovina;Presidential;2010;56.46 %;1.768.573;3.132.231;58.75 %;3.010.376;4.621.598;7.98 %;3.5 ;4 ;3 ;No
Bosnia and Herzegovina;Presidential;2006;50.51 %;1.391.748;2.755.207;39.32 %;3.539.921;4.498.976;;3.5 ;4 ;3 ;No
Bosnia and Herzegovina;Presidential;2002;55.45 %;1.298.811;2.342.141;40.86 %;3.178.427;3.964.388;6.80 %;4.0 ;4 ;4 ;No
Bosnia and Herzegovina;Presidential;1998;70.74 %;1.879.339;2.656.758;57.72 %;3.256.197;4.022.835;;5.0 ;5 ;5 ;No
Bosnia and Herzegovina;Presidential;1996;60.32 %;1.333.204;2.210.189;56.35 %;2.366.000;3.640.000;4.40 %;5.0 ;5 ;5 ;No
Bulgaria;Parliamentary;2017;53.85 %;3.682.493;6.838.235;62.79 %;5.864.631;7.101.510;7.97 %;2.0 ;2 ;2 ;Yes
Bulgaria;Parliamentary;2014;51.05 %;3.501.269;6.858.304;60.88 %;5.750.976;6.924.716;6.20 %;2.0 ;2 ;2 ;No
Bulgaria;Parliamentary;2013;52.49 %;3.632.174;6.919.260;59.69 %;6.084.873;7.282.041;2.48 %;2.0 ;2 ;2 ;No
Bulgaria;Parliamentary;2009;60.64 %;4.323.581;7.129.965;72.43 %;5.969.019;7.204.687;2.25 %;2.0 ;2 ;2 ;No
Bulgaria;Parliamentary;2005;55.76 %;3.747.808;6.720.941;62.41 %;6.004.949;7.450.349;2.70 %;1.5 ;1 ;2 ;No
Bulgaria;Parliamentary;2001;66.63 %;4.608.289;6.916.151;72.10 %;6.391.816;7.932.984;0.90 %;2.0 ;1 ;3 ;No
Bulgaria;Parliamentary;1997;58.87 %;4.291.258;7.289.956;66.90 %;6.414.519;8.330.544;0.80 %;2.5 ;2 ;3 ;No
Bulgaria;Parliamentary;1994;75.23 %;5.264.614;6.997.954;80.98 %;6.501.110;8.443.000;1.20 %;2.0 ;2 ;2 ;No
Bulgaria;Parliamentary;1991;83.87 %;5.694.842;6.790.006;84.54 %;6.736.500;8.982.000;2.70 %;2.5 ;2 ;3 ;No
Bulgaria;Presidential;2016;56.28 %;3.947.629;7.014.723;66.87 %;5.903.575;7.144.653;3.04 %;2.0 ;2 ;2 ;Yes
Bulgaria;Presidential;2011;48.25 %;3.334.169;6.910.491;56.14 %;5.939.090;7.093.635;3.14 %;2.0 ;2 ;2 ;No
Bulgaria;Presidential;2006;42.62 %;2.757.441;6.469.224;46.14 %;5.975.892;7.385.367;2.10 %;1.5 ;1 ;2 ;No
Bulgaria;Presidential;2001;54.92 %;3.784.036;6.889.638;61.78 %;6.125.141;7.932.984;0.20 %;2.0 ;1 ;3 ;No
Bulgaria;Presidential;1996;49.79 %;3.358.998;6.746.056;52.16 %;6.440.280;8.364.000;0.60 %;2.5 ;2 ;3 ;No
Bulgaria;Presidential;1992;75.17 %;5.154.973;6.857.942;80.48 %;6.405.000;8.540.000;;2.5 ;2 ;3 ;No
Bulgaria;EU Parliament;2014;36.10 %;2.361.966;6.543.423;41.07 %;5.751.084;6.924.716;5.19 %;2.0 ;2 ;2 ;No
Bulgaria;EU Parliament;2009;38.92 %;2.601.677;6.684.770;43.59 %;5.969.019;7.204.687;0.97 %;2.0 ;2 ;2 ;No
Bulgaria;EU Parliament;2007;29.22 %;1.955.466;6.691.080;31.27 %;6.253.762;7.679.290;0.90 %;1.5 ;1 ;2 ;No
Croatia;Parliamentary;2016;52.59 %;1.979.277;3.763.769;55.52 %;3.564.675;4.313.707;1.88 %;1.5 ;1 ;2 ;No
Croatia;Parliamentary;2015;60.82 %;2.304.403;3.788.788;63.96 %;3.602.781;4.470.534;;1.5 ;1 ;2 ;No
Croatia;Parliamentary;2011;54.17 %;2.439.754;4.504.251;66.09 %;3.691.302;4.483.804;1.73 %;1.5 ;1 ;2 ;No
Croatia;Parliamentary;2007;59.58 %;2.520.079;4.229.681;70.84 %;3.557.272;4.493.312;1.50 %;2.0 ;2 ;2 ;No
Croatia;Parliamentary;2003;61.65 %;2.520.008;4.087.553;71.96 %;3.501.832;4.422.248;1.60 %;2.0 ;2 ;2 ;No
Croatia;Parliamentary;2000;76.55 %;2.821.020;3.685.378;80.95 %;3.484.951;4.584.831;1.70 %;2.5 ;2 ;3 ;No
Croatia;Parliamentary;1995;68.79 %;2.500.000;3.634.233;72.17 %;3.464.230;4.499.000;3.30 %;4.0 ;4 ;4 ;No
Croatia;Parliamentary;1992;75.61 %;2.690.873;3.558.913;74.92 %;3.591.750;4.789.000;4.70 %;4.0 ;4 ;4 ;No
Croatia;Parliamentary;1990;84.54 %;2.996.250;3.544.112;;;;3.84 %;;;;
Croatia;Presidential;2015;59.05 %;2.258.887;3.825.242;62.70 %;3.602.781;4.470.534;2.69 %;1.5 ;1 ;2 ;No
Croatia;Presidential;2010;50.13 %;2.253.570;4.495.528;65.24 %;3.454.026;4.486.881;1.36 %;1.5 ;1 ;2 ;No
Croatia;Presidential;2005;51.04 %;2.241.760;4.392.220;63.44 %;3.533.725;4.489.409;1.60 %;2.0 ;2 ;2 ;No
Croatia;Presidential;2000;60.88 %;2.589.120;4.252.921;74.29 %;3.484.951;4.584.831;1.10 %;2.5 ;2 ;3 ;No
Croatia;Presidential;1997;54.62 %;2.218.448;4.061.479;64.30 %;3.450.370;4.481.000;1.80 %;4.0 ;4 ;4 ;No
Croatia;Presidential;1992;74.90 %;2.677.764;3.575.032;74.55 %;3.591.750;4.789.000;1.90 %;4.0 ;4 ;4 ;No
Croatia;EU Parliament;2014;25.24 %;950.980;3.767.343;26.39 %;3.603.250;4.470.534;3.06 %;1.5 ;1 ;2 ;No
Croatia;EU Parliament;2013;20.84 %;781.216;3.748.815;22.70 %;3.441.441;4.470.534;5.06 %;1.5 ;1 ;2 ;No
Cyprus;Parliamentary;2016;66.74 %;362.542;543.186;39.13 %;926.492;1.205.575;3.08 %;1.0 ;1 ;1 ;Yes
Cyprus;Parliamentary;2011;78.70 %;418.247;531.463;47.21 %;885.905;1.120.489;2.08 %;1.0 ;1 ;1 ;Yes
Cyprus;Parliamentary;2006;89.00 %;445.915;501.024;60.35 %;738.932;1.031.030;5.60 %;1.0 ;1 ;1 ;Yes
Cyprus;Parliamentary;2001;91.75 %;428.981;467.543;67.68 %;633.844;932.632;4.20 %;1.0 ;1 ;1 ;Yes
Cyprus;Parliamentary;1996;90.13 %;369.521;409.996;75.90 %;486.850;749.000;;1.0 ;1 ;1 ;Yes
Cyprus;Parliamentary;1991;94.31 %;359.640;381.323;78.63 %;457.380;639.000;3.50 %;1.0 ;1 ;1 ;Yes
Cyprus;Parliamentary;1985;94.62 %;327.821;346.454;77.95 %;420.550;647.000;2.60 %;1.5 ;1 ;2 ;Yes
Cyprus;Parliamentary;1981;95.75 %;295.602;308.729;72.85 %;405.760;634.000;1.60 %;1.5 ;1 ;2 ;Yes
Cyprus;Parliamentary;1976;85.29 %;232.764;272.898;62.25 %;373.930;613.000;1.50 %;3.5 ;3 ;4 ;Yes
Cyprus;Parliamentary;1970;75.85 %;200.141;263.857;54.77 %;365.400;630.000;2.20 %;;;;Yes
Cyprus;Presidential;2018;73.97 %;407.475;550.876;40.54 %;1.005.171;1.237.088;5.63 %;1.0 ;1 ;1 ;No
Cyprus;Presidential;2013;81.58 %;445.009;545.493;49.57 %;897.824;1.138.071;3.31 %;1.0 ;1 ;1 ;Yes
Cyprus;Presidential;2008;90.84 %;469.143;516.448;78.84 %;587.035;788.457;3.90 %;1.0 ;1 ;1 ;Yes
Cyprus;Presidential;2003;90.55 %;431.690;476.758;78.31 %;551.229;767.317;4.10 %;1.0 ;1 ;1 ;Yes
Cyprus;Presidential;1998;93.37 %;417.406;447.046;85.59 %;487.702;750.310;2.50 %;1.0 ;1 ;1 ;Yes
Cyprus;Presidential;1993;93.27 %;367.474;393.993;78.74 %;466.700;718.000;3.20 %;1.0 ;1 ;1 ;Yes
Cyprus;EU Parliament;2014;43.97 %;266.891;606.916;31.49 %;847.441;1.172.458;1.91 %;1.0 ;1 ;1 ;Yes
Cyprus;EU Parliament;2009;59.40 %;312.479;526.060;38.99 %;801.501;1.084.748;1.97 %;1.0 ;1 ;1 ;Yes
Cyprus;EU Parliament;2004;72.50 %;350.387;483.311;47.16 %;742.904;987.191;4.60 %;1.0 ;1 ;1 ;Yes
Czech Republic;Parliamentary;2017;60.84 %;5.094.633;8.374.501;58.06 %;8.774.665;10.674.723;0.60 %;1.0 ;1 ;1 ;No
Czech Republic;Parliamentary;2013;59.48 %;5.010.944;8.424.227;60.03 %;8.347.604;10.162.921;0.74 %;1.0 ;1 ;1 ;No
Czech Republic;Parliamentary;2010;62.60 %;5.268.098;8.415.892;62.22 %;8.466.396;10.201.707;0.63 %;1.0 ;1 ;1 ;No
Czech Republic;Parliamentary;2006;64.47 %;5.372.449;8.333.305;65.12 %;8.250.612;10.235.455;0.40 %;1.0 ;1 ;1 ;No
Czech Republic;Parliamentary;2002;57.95 %;4.789.145;8.264.484;59.03 %;8.113.689;10.264.212;0.40 %;1.5 ;1 ;2 ;No
Czech Republic;Parliamentary;1998;74.00 %;6.006.459;8.116.836;76.73 %;7.827.723;10.291.000;0.40 %;1.5 ;1 ;2 ;No
Czech Republic;Parliamentary;1996;76.29 %;6.096.404;7.990.770;77.57 %;7.859.160;10.341.000;0.60 %;1.5 ;1 ;2 ;No
Czech Republic;Parliamentary;1992;84.68 %;9.750.978;11.515.699;83.76 %;11.640.940;15.731.000;1.70 %;2.0 ;2 ;2 ;No
Czech Republic;Parliamentary;1990;96.33 %;10.785.270;11.195.596;93.06 %;11.589.140;15.661.000;1.40 %;2.0 ;2 ;2 ;No
Czech Republic;Presidential;2018;61.88 %;5.177.238;8.366.433;58.99 %;8.776.219;10.686.269;0.56 %;1.0 ;1 ;1 ;No
Czech Republic;Presidential;2013;59.08 %;4.983.481;8.434.941;59.00 %;8.446.141;10.177.300;0.50 %;1.0 ;1 ;1 ;No
Czech Republic;EU Parliament;2014;18.20 %;1.528.250;8.395.132;17.57 %;8.696.514;10.627.448;0.77 %;1.0 ;1 ;1 ;No
Czech Republic;EU Parliament;2009;28.22 %;2.371.009;8.401.374;29.68 %;7.989.091;10.211.904;0.50 %;1.0 ;1 ;1 ;No
Czech Republic;EU Parliament;2004;28.30 %;2.344.290;8.283.485;30.87 %;7.592.896;10.246.178;0.49 %;1.5 ;1 ;2 ;No
Denmark;Parliamentary;2015;85.89 %;3.560.060;4.145.105;80.34 %;4.431.291;5.581.503;1.15 %;1.0 ;1 ;1 ;No
Denmark;Parliamentary;2011;87.74 %;3.579.675;4.079.910;81.83 %;4.374.759;5.529.888;0.84 %;1.0 ;1 ;1 ;No
Denmark;Parliamentary;2007;86.59 %;3.483.633;4.022.920;83.20 %;4.186.873;5.468.120;0.70 %;1.0 ;1 ;1 ;No
Denmark;Parliamentary;2005;84.54 %;3.384.560;4.003.616;81.34 %;4.161.254;5.413.392;0.80 %;1.0 ;1 ;1 ;No
Denmark;Parliamentary;2001;87.15 %;3.484.957;3.998.957;84.34 %;4.132.213;5.352.815;1.00 %;1.0 ;1 ;1 ;No
Denmark;Parliamentary;1998;85.95 %;3.431.926;3.993.009;83.13 %;4.128.398;5.225.820;0.80 %;1.0 ;1 ;1 ;No
Denmark;Parliamentary;1994;84.25 %;3.360.637;3.988.787;81.73 %;4.111.950;5.205.000;1.00 %;1.0 ;1 ;1 ;No
Denmark;Parliamentary;1990;82.85 %;3.265.420;3.941.499;80.42 %;4.060.600;5.140.000;0.80 %;1.0 ;1 ;1 ;No
Denmark;Parliamentary;1988;85.70 %;3.352.651;3.911.897;82.73 %;4.052.700;5.130.000;0.70 %;1.0 ;1 ;1 ;No
Denmark;Parliamentary;1987;86.74 %;3.389.201;3.907.454;85.85 %;3.947.790;5.127.000;0.80 %;1.0 ;1 ;1 ;No
Denmark;Parliamentary;1984;88.44 %;3.386.733;3.829.600;86.04 %;3.936.240;5.112.000;0.70 %;1.0 ;1 ;1 ;No
Denmark;Parliamentary;1981;87.77 %;3.314.424;3.776.333;86.28 %;3.841.500;5.122.000;0.60 %;1.0 ;1 ;1 ;No
Denmark;Parliamentary;1979;85.62 %;3.194.345;3.730.650;83.23 %;3.837.750;5.117.000;0.70 %;1.0 ;1 ;1 ;No
Denmark;Parliamentary;1977;88.70 %;3.124.976;3.522.904;87.74 %;3.561.600;5.088.000;0.60 %;1.0 ;1 ;1 ;No
Denmark;Parliamentary;1975;88.23 %;3.068.302;3.477.621;86.63 %;3.542.000;5.060.000;0.60 %;1.0 ;1 ;1 ;No
Denmark;Parliamentary;1973;88.72 %;3.070.253;3.460.737;87.37 %;3.514.000;5.020.000;0.60 %;1.0 ;1 ;1 ;No
Denmark;Parliamentary;1971;87.16 %;2.904.096;3.332.044;87.31 %;3.326.200;4.960.000;0.70 %;;;;No
Denmark;Parliamentary;1968;89.28 %;2.864.805;3.208.646;87.98 %;3.256.200;4.860.000;0.40 %;;;;No
Denmark;Parliamentary;1966;88.61 %;2.802.304;3.162.352;88.46 %;3.168.000;4.800.000;0.30 %;;;;No
Denmark;Parliamentary;1964;85.51 %;2.640.856;3.088.269;84.77 %;3.115.200;4.720.000;0.40 %;;;;No
Denmark;Parliamentary;1960;85.84 %;2.439.936;2.842.336;85.91 %;2.840.220;4.581.000;0.30 %;;;;No
Denmark;Parliamentary;1957;83.73 %;2.321.097;2.772.159;82.09 %;2.827.440;4.488.000;0.50 %;;;;No
Denmark;Parliamentary;1953;80.58 %;2.172.036;2.695.554;78.91 %;2.752.470;4.369.000;0.30 %;;;;No
Denmark;Parliamentary;1950;81.87 %;2.059.944;2.516.118;76.57 %;2.690.100;4.270.000;0.30 %;;;;No
Denmark;Parliamentary;1947;85.78 %;2.089.015;2.435.306;79.98 %;2.611.980;4.146.000;0.20 %;;;;No
Denmark;Parliamentary;1945;86.29 %;2.055.315;2.381.983;80.65 %;2.548.350;4.045.000;0.30 %;;;;No
Denmark;EU Parliament;2014;56.32 %;2.332.217;4.141.329;54.21 %;4.302.187;5.569.077;2.38 %;1.0 ;1 ;1 ;No
Denmark;EU Parliament;2009;59.54 %;2.415.568;4.057.100;56.29 %;4.291.272;5.500.510;3.04 %;1.0 ;1 ;1 ;No
Denmark;EU Parliament;2004;47.89 %;1.921.541;4.012.663;46.37 %;4.143.987;5.397.640;1.42 %;1.0 ;1 ;1 ;No
Denmark;EU Parliament;1999;50.39 %;2.021.922;4.012.440;49.12 %;4.115.878;5.313.577;1.32 %;1.0 ;1 ;1 ;No
Denmark;EU Parliament;1994;52.92 %;2.113.780;3.994.200;52.38 %;4.035.809;5.196.642;0.85 %;1.0 ;1 ;1 ;No
Denmark;EU Parliament;1989;46.20 %;1.812.680;3.923.549;45.92 %;3.947.406;5.129.778;1.30 %;1.0 ;1 ;1 ;No
Denmark;EU Parliament;1984;52.40 %;2.032.386;3.878.600;53.27 %;3.815.589;5.112.130;1.50 %;1.0 ;1 ;1 ;No
Denmark;EU Parliament;1979;47.80 %;1.794.614;3.754.423;48.45 %;3.704.348;5.111.537;2.20 %;1.0 ;1 ;1 ;No
Estonia;Parliamentary;2015;64.23 %;577.927;899.793;56.82 %;1.017.053;1.249.312;0.60 %;1.0 ;1 ;1 ;No
Estonia;Parliamentary;2011;63.53 %;580.264;913.346;55.45 %;1.046.458;1.329.660;0.56 %;1.0 ;1 ;1 ;No
Estonia;Parliamentary;2007;61.91 %;555.463;897.243;53.44 %;1.039.335;1.315.912;0.90 %;1.0 ;1 ;1 ;No
Estonia;Parliamentary;2003;58.24 %;500.686;859.714;48.12 %;1.040.400;1.415.681;1.20 %;1.5 ;1 ;2 ;No
Estonia;Parliamentary;1999;57.43 %;492.356;857.270;45.95 %;1.071.447;1.415.236;1.60 %;1.5 ;1 ;2 ;No
Estonia;Parliamentary;1995;68.91 %;545.770;791.957;48.84 %;1.117.500;1.490.000;0.90 %;2.0 ;2 ;2 ;No
Estonia;Parliamentary;1992;67.84 %;467.629;689.319;40.93 %;1.142.560;1.544.000;1.50 %;3.0 ;3 ;3 ;No
Estonia;Parliamentary;1990;78.20 %;910.000;1.163.683;78.28 %;1.162.540;1.571.000;;0.0 ;;;No
Estonia;EU Parliament;2014;36.52 %;329.766;902.873;32.55 %;1.013.212;1.257.921;0.39 %;1.0 ;1 ;1 ;No
Estonia;EU Parliament;2009;43.90 %;399.181;909.326;37.84 %;1.054.944;1.299.371;0.55 %;1.0 ;1 ;1 ;No
Estonia;EU Parliament;2004;26.83 %;234.485;873.809;22.34 %;1.049.605;1.351.069;0.96 %;1.5 ;1 ;2 ;No
Faroe Islands;Parliamentary;2008;89.50 %;31.177;34.835;87.63 %;35.578;48.668;0.20 %;;;;No
Faroe Islands;Parliamentary;2004;92.34 %;31.788;34.426;90.95 %;34.952;48.290;0.20 %;;;;No
Faroe Islands;Parliamentary;2002;91.63 %;30.717;33.522;89.83 %;34.194;47.349;0.50 %;;;;No
Faroe Islands;Parliamentary;1998;88.19 %;27.876;31.609;87.00 %;32.041;44.560;0.70 %;;;;No
Finland;Parliamentary;2015;66.85 %;2.983.856;4.463.333;73.14 %;4.079.928;5.475.450;0.51 %;1.0 ;1 ;1 ;No
Finland;Parliamentary;2011;67.37 %;2.955.865;4.387.701;72.77 %;4.061.911;5.259.250;0.55 %;1.0 ;1 ;1 ;No
Finland;Parliamentary;2007;65.02 %;2.790.752;4.292.436;68.18 %;4.093.161;5.231.372;0.70 %;1.0 ;1 ;1 ;No
Finland;Parliamentary;2003;66.71 %;2.815.700;4.220.951;69.96 %;4.024.992;5.183.545;0.90 %;1.0 ;1 ;1 ;No
Finland;Parliamentary;1999;65.27 %;2.710.095;4.152.430;65.21 %;4.155.857;5.180.030;1.00 %;1.0 ;1 ;1 ;No
Finland;Parliamentary;1995;68.58 %;2.803.602;4.088.358;71.13 %;3.941.630;5.119.000;0.60 %;1.0 ;1 ;1 ;No
Finland;Parliamentary;1991;68.39 %;2.776.984;4.060.778;71.93 %;3.860.780;5.014.000;1.80 %;1.0 ;1 ;1 ;No
Finland;Parliamentary;1987;72.06 %;2.895.488;4.018.248;77.25 %;3.748.320;4.932.000;0.50 %;1.5 ;1 ;2 ;No
Finland;Parliamentary;1983;75.73 %;2.992.970;3.951.932;81.10 %;3.690.560;4.856.000;0.40 %;2.0 ;2 ;2 ;No
Finland;Parliamentary;1979;75.31 %;2.906.066;3.858.553;81.32 %;3.573.750;4.765.000;0.40 %;2.0 ;2 ;2 ;No
Finland;Parliamentary;1975;73.80 %;2.761.223;3.741.460;80.29 %;3.439.030;4.711.000;0.40 %;2.0 ;2 ;2 ;No
Finland;Parliamentary;1972;81.40 %;2.587.060;3.178.169;84.48 %;3.062.400;4.640.000;0.40 %;2.0 ;2 ;2 ;No
Finland;Parliamentary;1970;82.23 %;2.544.510;3.094.359;83.63 %;3.042.600;4.610.000;0.30 %;;;;No
Finland;Parliamentary;1966;84.94 %;2.378.583;2.800.461;85.14 %;2.793.800;4.580.000;0.40 %;;;;No
Finland;Parliamentary;1962;85.09 %;2.310.090;2.714.838;85.46 %;2.703.000;4.505.000;0.40 %;;;;No
Finland;Parliamentary;1958;74.99 %;1.954.397;2.606.258;74.71 %;2.616.000;4.360.000;0.50 %;;;;No
Finland;Parliamentary;1954;79.90 %;2.019.042;2.526.969;80.27 %;2.515.200;4.192.000;0.50 %;;;;No
Finland;Parliamentary;1951;74.58 %;1.825.779;2.448.239;73.96 %;2.468.670;4.047.000;0.70 %;;;;No
Finland;Parliamentary;1948;78.25 %;1.893.837;2.420.287;79.36 %;2.386.320;3.912.000;0.70 %;;;;No
Finland;Parliamentary;1945;74.87 %;1.710.251;2.284.249;74.61 %;2.292.380;3.758.000;0.70 %;;;;No
Finland;Presidential;2018;66.76 %;3.002.710;4.498.004;67.47 %;4.450.638;5.537.364;0.30 %;1.0 ;1 ;1 ;No
Finland;Presidential;2012;68.86 %;2.872.821;4.172.200;70.91 %;4.051.121;5.262.930;;1.0 ;1 ;1 ;No
Finland;Presidential;2006;74.05 %;3.163.667;4.272.537;77.56 %;4.079.025;5.223.442;0.50 %;1.0 ;1 ;1 ;No
Finland;Presidential;2000;76.80 %;3.200.580;4.167.204;76.81 %;4.166.662;5.180.030;0.50 %;1.0 ;1 ;1 ;No
Finland;Presidential;1994;76.96 %;3.193.825;4.150.000;81.41 %;3.923.150;5.095.000;;1.0 ;1 ;1 ;No
Finland;Presidential;1988;77.83 %;3.141.360;4.036.169;82.48 %;3.808.420;4.946.000;3.90 %;1.5 ;1 ;2 ;No
Finland;Presidential;1982;81.31 %;3.188.056;3.921.005;88.06 %;3.620.250;4.827.000;0.30 %;2.0 ;2 ;2 ;No
Finland;Presidential;1978;64.26 %;2.470.339;3.844.279;69.30 %;3.564.750;4.753.000;0.60 %;2.0 ;2 ;2 ;No
Finland;Presidential;1968;69.91 %;2.048.784;2.930.635;67.05 %;3.055.800;4.630.000;0.30 %;;;;No
Finland;Presidential;1962;81.46 %;2.211.441;2.714.883;81.81 %;2.703.000;4.505.000;0.30 %;;;;No
Finland;Presidential;1956;73.35 %;1.905.449;2.597.738;74.17 %;2.569.200;4.282.000;0.30 %;;;;No
Finland;Presidential;1950;63.76 %;1.585.835;2.487.230;64.85 %;2.445.490;4.009.000;0.40 %;;;;No
Finland;EU Parliament;2014;40.98 %;1.728.607;4.218.081;41.66 %;4.149.114;5.268.799;0.56 %;1.0 ;1 ;1 ;No
Finland;EU Parliament;2009;40.48 %;1.672.434;4.131.827;39.92 %;4.189.288;5.250.275;0.45 %;1.0 ;1 ;1 ;No
Finland;EU Parliament;2004;39.43 %;1.666.932;4.227.987;41.22 %;4.043.832;5.219.732;0.62 %;1.0 ;1 ;1 ;No
Finland;EU Parliament;1999;30.14 %;1.248.122;4.141.098;31.64 %;3.944.283;5.159.646;0.47 %;1.0 ;1 ;1 ;No
Finland;EU Parliament;1996;57.60 %;2.366.504;4.108.703;60.94 %;3.883.362;5.116.826;4.95 %;1.0 ;1 ;1 ;No
France;Parliamentary;2017;42.64 %;20.164.615;47.293.103;38.62 %;52.211.196;67.106.161;4.20 %;1.0 ;1 ;1 ;No
France;Parliamentary;2012;55.40 %;23.952.486;43.233.648;46.08 %;51.979.508;65.630.692;2.14 %;1.0 ;1 ;1 ;No
France;Parliamentary;2007;59.98 %;21.129.002;35.224.953;43.43 %;48.651.555;63.713.926;3.42 %;1.0 ;1 ;1 ;No
France;Parliamentary;2002;60.32 %;22.186.165;36.783.746;47.25 %;46.955.234;59.551.227;4.35 %;1.0 ;1 ;1 ;No
France;Parliamentary;1997;67.96 %;26.649.818;39.215.743;59.86 %;44.521.902;58.581.450;4.90 %;1.5 ;1 ;2 ;No
France;Parliamentary;1993;68.93 %;26.860.177;38.968.660;61.29 %;43.826.920;57.667.000;5.30 %;1.5 ;1 ;2 ;No
France;Parliamentary;1988;66.18 %;24.472.329;36.977.321;58.14 %;42.088.500;56.118.000;2.00 %;1.5 ;1 ;2 ;No
France;Parliamentary;1986;78.48 %;28.736.080;36.614.738;69.91 %;41.104.040;55.546.000;4.30 %;1.5 ;1 ;2 ;No
France;Parliamentary;1981;70.87 %;25.182.623;35.536.041;63.92 %;39.395.180;53.966.000;1.40 %;1.5 ;1 ;2 ;No
France;Parliamentary;1978;71.63 %;24.658.645;34.424.388;63.40 %;38.892.210;53.277.000;1.90 %;1.5 ;1 ;2 ;No
France;Parliamentary;1973;81.31 %;24.299.210;29.883.738;70.63 %;34.405.800;52.130.000;2.30 %;1.5 ;1 ;2 ;No
France;Parliamentary;1968;79.85 %;22.500.524;28.178.087;69.36 %;32.441.500;49.910.000;1.70 %;;;;No
France;Parliamentary;1967;81.12 %;22.910.839;28.242.549;71.14 %;32.207.500;49.550.000;2.30 %;;;;No
France;Parliamentary;1962;68.69 %;18.918.154;27.540.358;60.99 %;31.018.680;46.998.000;3.10 %;;;;No
France;Parliamentary;1958;77.18 %;21.026.543;27.244.992;71.13 %;29.560.740;44.789.000;2.50 %;;;;No
France;Parliamentary;1956;82.69 %;22.138.046;26.772.255;74.26 %;29.813.240;43.843.000;2.90 %;;;;No
France;Parliamentary;1951;80.19 %;19.670.655;24.530.523;68.49 %;28.721.840;42.238.000;2.80 %;;;;No
France;Parliamentary;1946;81.85 %;20.215.200;24.696.949;73.73 %;27.416.240;40.318.000;1.70 %;;;;No
France;Parliamentary;1945;79.83 %;19.657.603;24.622.862;73.93 %;26.588.000;39.100.000;2.40 %;;;;No
France;Presidential;2017;74.56 %;35.467.172;47.568.588;67.93 %;52.211.196;67.106.161;11.47 %;1.5 ;1 ;2 ;No
France;Presidential;2012;80.35 %;37.016.309;46.066.307;71.18 %;52.001.970;65.630.692;4.68 %;1.0 ;1 ;1 ;No
France;Presidential;2007;83.97 %;37.342.004;44.472.733;76.75 %;48.651.555;63.713.926;4.20 %;1.0 ;1 ;1 ;No
France;Presidential;2002;79.71 %;32.832.295;41.191.169;69.92 %;46.955.234;59.551.227;5.40 %;1.0 ;1 ;1 ;No
France;Presidential;1995;79.68 %;31.852.695;39.976.944;72.26 %;44.080.760;58.007.000;6.00 %;1.5 ;1 ;2 ;No
France;Presidential;1988;84.20 %;32.164.400;38.200.000;76.42 %;42.088.500;56.118.000;;1.5 ;1 ;2 ;No
France;Presidential;1981;83.38 %;30.350.568;36.398.762;77.04 %;39.395.480;53.966.000;2.50 %;1.5 ;1 ;2 ;No
France;Presidential;1974;84.23 %;25.100.000;29.800.000;72.42 %;34.656.600;52.510.000;9.00 %;1.5 ;1 ;2 ;No
France;Presidential;1969;77.08 %;22.200.000;28.800.000;67.87 %;32.708.000;50.320.000;1.00 %;;;;No
France;Presidential;1965;84.20 %;23.744.400;28.200.000;74.92 %;31.694.000;48.760.000;0.70 %;;;;No
France;EU Parliament;2014;42.43 %;19.747.893;46.544.712;38.82 %;50.872.787;66.259.012;4.01 %;1.0 ;1 ;1 ;No
France;EU Parliament;2009;40.63 %;17.992.161;44.282.823;35.92 %;50.090.068;64.420.073;4.30 %;1.0 ;1 ;1 ;No
France;EU Parliament;2004;42.76 %;17.752.582;41.518.582;37.52 %;47.313.061;62.251.817;3.30 %;1.0 ;1 ;1 ;No
France;EU Parliament;1999;46.76 %;18.766.122;40.132.132;41.37 %;45.366.514;60.158.533;5.93 %;1.5 ;1 ;2 ;No
France;EU Parliament;1994;52.76 %;20.603.735;39.049.804;46.68 %;44.135.157;59.104.320;5.35 %;1.5 ;1 ;2 ;No
France;EU Parliament;1989;48.70 %;18.675.569;38.348.191;;;56.160.000;2.80 %;1.5 ;1 ;2 ;No
France;EU Parliament;1984;56.70 %;20.911.350;36.880.688;;;54.750.000;3.50 %;1.5 ;1 ;2 ;No
France;EU Parliament;1979;60.70 %;21.354.582;35.180.531;;;53.583.000;5.20 %;1.5 ;1 ;2 ;No
Germany;Parliamentary;2017;76.15 %;46.976.341;61.688.485;69.11 %;67.975.700;80.594.017;1.25 %;1.0 ;1 ;1 ;No
Germany;Parliamentary;2013;71.53 %;44.309.925;61.946.900;66.07 %;67.068.214;81.147.265;1.55 %;1.0 ;1 ;1 ;No
Germany;Parliamentary;2009;70.78 %;44.005.575;62.168.489;64.61 %;68.114.735;81.837.700;1.44 %;1.0 ;1 ;1 ;No
Germany;Parliamentary;2005;77.65 %;48.044.134;61.870.711;71.99 %;66.738.702;82.431.390;1.60 %;1.0 ;1 ;1 ;No
Germany;Parliamentary;2002;79.08 %;48.582.761;61.432.868;73.46 %;66.136.352;83.029.536;1.20 %;1.5 ;1 ;2 ;No
Germany;Parliamentary;1998;82.20 %;49.947.087;60.762.751;75.32 %;66.313.874;82.172.259;1.60 %;1.5 ;1 ;2 ;No
Germany;Parliamentary;1994;78.97 %;47.737.999;60.452.009;72.39 %;65.942.100;81.410.000;1.30 %;1.5 ;1 ;2 ;No
Germany;Parliamentary;1990;77.76 %;46.995.915;60.436.560;73.10 %;64.285.650;79.365.000;1.10 %;1.5 ;1 ;2 ;No
Germany;Parliamentary;1987;84.33 %;38.225.294;45.327.982;75.02 %;50.954.310;64.499.127;0.90 %;1.5 ;;;No
Germany;Parliamentary;1983;89.09 %;39.279.529;44.088.935;80.95 %;48.522.590;61.421.000;0.90 %;1.5 ;;;No
Germany;Parliamentary;1980;88.57 %;38.292.176;43.231.741;81.84 %;46.786.360;61.561.000;0.90 %;1.5 ;;;No
Germany;Parliamentary;1976;90.75 %;38.165.753;42.058.015;83.84 %;45.519.620;61.513.000;0.90 %;1.0 ;;;No
Germany;Parliamentary;1972;91.11 %;37.761.589;41.446.302;88.74 %;42.552.300;61.670.000;0.80 %;1.0 ;;;No
Germany;Parliamentary;1969;86.67 %;33.523.064;38.677.235;79.86 %;41.979.600;60.840.000;1.70 %;;;;No
Germany;Parliamentary;1965;86.77 %;33.416.207;38.510.395;80.86 %;41.328.000;59.040.000;2.40 %;;;;No
Germany;Parliamentary;1961;87.74 %;32.849.624;37.440.715;86.86 %;37.820.300;54.029.000;4.00 %;;;;No
Germany;Parliamentary;1957;87.77 %;31.072.894;35.400.923;87.57 %;35.484.630;51.427.000;3.80 %;;;;No
Germany;Parliamentary;1953;85.99 %;28.479.550;33.120.940;80.57 %;35.346.630;51.227.000;3.30 %;;;;No
Germany;Parliamentary;1949;78.49 %;24.495.614;31.207.620;76.46 %;32.035.480;47.111.000;3.10 %;;;;No
Germany;EU Parliament;2014;48.14 %;29.843.798;61.998.824;44.57 %;66.952.598;80.996.685;1.64 %;1.0 ;1 ;1 ;No
Germany;EU Parliament;2009;43.27 %;26.923.614;62.222.873;39.53 %;68.114.735;81.837.700;2.20 %;1.0 ;1 ;1 ;No
Germany;EU Parliament;2004;43.00 %;26.523.104;61.682.394;39.84 %;66.575.797;82.531.671;2.80 %;1.0 ;1 ;1 ;No
Germany;EU Parliament;1999;45.21 %;27.472.760;60.766.241;42.02 %;65.374.106;82.037.011;;1.5 ;1 ;2 ;No
Germany;EU Parliament;1994;60.02 %;36.295.529;60.473.927;56.12 %;64.670.194;81.338.093;;1.5 ;1 ;2 ;No
Germany;EU Parliament;1989;62.30 %;28.516.691;45.773.179;;;;;;;;
Germany;EU Parliament;1984;56.80 %;25.248.725;44.451.981;;;;;;;;
Germany;EU Parliament;1979;65.70 %;28.088.025;42.751.940;;;;;;;;
Gibraltar;Parliamentary;2015;70.77 %;16.475;23.278;74.23 %;22.194;29.258;;;;;No
Gibraltar;Parliamentary;2011;82.51 %;17.915;21.712;82.72 %;21.658;28.956;;;;;No
Greece;Parliamentary;2015;63.94 %;6.330.318;9.900.403;70.65 %;8.960.611;10.775.557;2.36 %;2.0 ;2 ;2 ;Yes
Greece;Parliamentary;2012;62.47 %;6.216.996;9.951.970;69.36 %;8.963.093;10.767.827;0.99 %;2.0 ;2 ;2 ;Yes
Greece;Parliamentary;2009;70.92 %;6.477.060;9.933.385;79.24 %;8.889.858;10.737.428;2.64 %;1.5 ;1 ;2 ;Yes
Greece;Parliamentary;2007;74.14 %;7.355.684;9.921.343;79.59 %;9.242.235;10.706.290;2.70 %;1.5 ;1 ;2 ;Yes
Greece;Parliamentary;2004;76.62 %;7.575.190;9.886.807;87.66 %;8.641.126;10.665.989;2.20 %;1.5 ;1 ;2 ;Yes
Greece;Parliamentary;2000;74.97 %;7.027.007;9.373.439;89.02 %;7.893.346;10.349.420;1.60 %;2.0 ;1 ;3 ;Yes
Greece;Parliamentary;1996;76.34 %;6.952.938;9.107.766;83.88 %;8.289.470;10.493.000;2.00 %;2.0 ;1 ;3 ;Yes
Greece;Parliamentary;1993;82.95 %;7.019.925;8.462.636;85.61 %;8.200.200;10.380.000;1.70 %;2.0 ;1 ;3 ;Yes
Greece;Parliamentary;1989;84.50 %;6.799.485;8.061.803;87.52 %;7.769.300;10.090.000;1.50 %;1.5 ;1 ;2 ;Yes
Greece;Parliamentary;1985;83.81 %;6.421.466;7.661.588;87.35 %;7.351.160;9.934.000;0.90 %;2.0 ;2 ;2 ;Yes
Greece;Parliamentary;1981;81.50 %;5.753.478;7.059.778;84.48 %;6.810.300;9.729.000;1.40 %;1.5 ;1 ;2 ;Yes
Greece;Parliamentary;1977;81.11 %;5.193.891;6.403.738;82.41 %;6.302.240;9.268.000;1.20 %;2.0 ;2 ;2 ;Yes
Greece;Parliamentary;1974;79.58 %;4.966.558;6.241.066;82.73 %;6.003.200;8.960.000;1.10 %;2.0 ;2 ;2 ;Yes
Greece;Parliamentary;1964;81.69 %;4.626.290;5.662.965;83.64 %;5.531.500;8.510.000;0.60 %;;;;Yes
Greece;Parliamentary;1963;83.04 %;4.702.791;5.662.965;85.32 %;5.512.000;8.480.000;0.80 %;;;;Yes
Greece;Parliamentary;1961;81.87 %;4.640.512;5.668.298;86.34 %;5.374.720;8.398.000;0.40 %;;;;Yes
Greece;Parliamentary;1958;75.48 %;3.863.982;5.119.148;73.87 %;5.230.720;8.173.000;0.40 %;;;;Yes
Greece;Parliamentary;1956;74.97 %;3.379.445;4.507.907;67.87 %;4.979.220;8.031.000;0.40 %;;;;Yes
Greece;Parliamentary;1952;75.37 %;1.600.172;2.123.150;73.87 %;2.166.080;7.736.000;0.50 %;;;;Yes
Greece;Parliamentary;1951;77.20 %;1.717.012;2.224.246;80.16 %;2.142.000;7.650.000;0.50 %;;;;Yes
Greece;Parliamentary;1950;;1.696.146;;80.10 %;2.117.640;7.563.000;0.40 %;;;;Yes
Greece;Parliamentary;1946;;1.121.696;;53.54 %;2.095.240;7.483.000;1.20 %;;;;Yes
Greece;EU Parliament;2014;59.97 %;5.941.825;9.907.995;67.53 %;8.798.915;10.775.557;3.80 %;2.0 ;2 ;2 ;Yes
Greece;EU Parliament;2009;52.63 %;5.261.355;9.996.353;59.18 %;8.889.858;10.737.428;2.55 %;1.5 ;1 ;2 ;Yes
Greece;EU Parliament;2004;63.22 %;6.283.637;9.938.863;70.33 %;8.934.797;11.040.650;2.56 %;1.5 ;1 ;2 ;Yes
Greece;EU Parliament;1999;71.49 %;6.711.728;9.388.417;78.68 %;8.530.354;10.861.402;4.23 %;2.0 ;1 ;3 ;Yes
Greece;EU Parliament;1994;73.18 %;6.804.427;9.297.764;84.98 %;8.007.409;10.510.996;3.99 %;2.0 ;1 ;3 ;Yes
Greece;EU Parliament;1989;79.90 %;6.669.562;8.347.387;89.78 %;7.428.937;10.058.103;1.90 %;1.5 ;1 ;2 ;Yes
Greece;EU Parliament;1984;77.20 %;6.014.119;7.790.309;84.31 %;7.133.666;9.872.102;1.00 %;1.5 ;1 ;2 ;Yes
Greece;EU Parliament;1981;78.60 %;5.752.789;7.319.070;82.96 %;6.934.332;9.700.826;0.00 %;1.5 ;1 ;2 ;Yes
Hungary;Parliamentary;2018;69.67 %;5.791.432;8.312.264;71.64 %;8.083.846;9.825.704;1.03 %;2.5 ;3 ;2 ;No
Hungary;Parliamentary;2014;61.84 %;5.096.524;8.241.488;63.36 %;8.043.818;9.919.128;0.91 %;1.5 ;1 ;2 ;No
Hungary;Parliamentary;2010;64.38 %;5.172.222;8.034.394;63.67 %;8.123.081;9.992.339;;1.0 ;1 ;1 ;No
Hungary;Parliamentary;2006;67.57 %;5.457.553;8.076.781;68.84 %;7.928.311;10.076.581;0.60 %;1.0 ;1 ;1 ;No
Hungary;Parliamentary;2002;70.52 %;5.667.551;8.037.265;71.55 %;7.920.946;10.174.853;0.60 %;1.5 ;1 ;2 ;No
Hungary;Parliamentary;1998;57.01 %;4.570.386;8.016.397;59.03 %;7.742.951;10.056.000;1.30 %;1.5 ;1 ;2 ;No
Hungary;Parliamentary;1994;68.92 %;5.485.618;7.959.206;69.43 %;7.900.970;10.261.000;1.20 %;1.5 ;1 ;2 ;No
Hungary;Parliamentary;1990;65.10 %;5.093.119;7.824.110;65.52 %;7.773.750;10.365.000;1.36 %;2.0 ;2 ;2 ;No
Hungary;EU Parliament;2014;28.97 %;2.329.304;8.041.386;28.96 %;8.043.818;9.919.128;0.39 %;1.5 ;1 ;2 ;No
Hungary;EU Parliament;2009;36.31 %;2.921.779;8.046.086;36.00 %;8.116.506;10.007.168;0.85 %;1.0 ;1 ;1 ;No
Hungary;EU Parliament;2004;38.50 %;3.097.657;8.046.247;38.37 %;8.073.180;10.072.608;0.67 %;1.5 ;1 ;2 ;No
Iceland;Parliamentary;2016;79.18 %;195.200;246.511;75.68 %;254.202;335.878;2.90 %;1.0 ;1 ;1 ;No
Iceland;Parliamentary;2013;81.44 %;193.792;237.957;80.01 %;242.209;321.857;0.30 %;1.0 ;1 ;1 ;No
Iceland;Parliamentary;2009;85.12 %;193.975;227.896;84.74 %;228.910;306.694;3.50 %;1.0 ;1 ;1 ;No
Iceland;Parliamentary;2007;83.60 %;185.071;221.368;84.65 %;218.641;301.931;1.60 %;1.0 ;1 ;1 ;No
Iceland;Parliamentary;2003;87.70 %;185.311;211.289;89.12 %;207.932;279.384;1.20 %;1.0 ;1 ;1 ;No
Iceland;Parliamentary;1999;84.07 %;169.431;201.525;86.18 %;196.604;276.418;2.20 %;1.0 ;1 ;1 ;No
Iceland;Parliamentary;1995;87.38 %;167.751;191.973;87.83 %;190.990;269.000;1.60 %;1.0 ;1 ;1 ;No
Iceland;Parliamentary;1991;87.62 %;160.142;182.768;88.67 %;180.600;258.000;1.50 %;1.0 ;1 ;1 ;No
Iceland;Parliamentary;1987;90.10 %;154.438;171.402;92.32 %;167.280;246.000;1.10 %;1.0 ;1 ;1 ;No
Iceland;Parliamentary;1983;88.60 %;133.764;150.977;88.19 %;151.680;237.000;2.50 %;1.0 ;1 ;1 ;No
Iceland;Parliamentary;1979;89.34 %;126.929;142.073;90.59 %;140.120;226.000;2.50 %;1.0 ;1 ;1 ;No
Iceland;Parliamentary;1978;90.27 %;124.377;137.782;89.56 %;138.880;224.000;1.70 %;1.0 ;1 ;1 ;No
Iceland;Parliamentary;1974;91.44 %;115.575;126.388;87.56 %;132.000;220.000;1.30 %;1.0 ;1 ;1 ;No
Iceland;Parliamentary;1971;90.44 %;106.975;118.289;89.37 %;119.700;210.000;1.50 %;;;;No
Iceland;Parliamentary;1967;91.37 %;97.855;107.101;88.96 %;110.000;200.000;1.80 %;;;;No
Iceland;Parliamentary;1963;91.14 %;90.958;99.798;89.39 %;101.750;185.000;1.80 %;;;;No
Iceland;Parliamentary;1959;90.63 %;86.426;95.637;89.73 %;96.320;172.000;1.50 %;;;;No
Iceland;Parliamentary;1956;92.07 %;84.355;91.618;91.92 %;91.770;161.000;2.00 %;;;;No
Iceland;Parliamentary;1953;89.90 %;78.754;87.601;92.11 %;85.500;150.000;1.70 %;;;;No
Iceland;Parliamentary;1949;89.03 %;73.432;82.481;88.90 %;82.600;140.000;1.70 %;;;;No
Iceland;Parliamentary;1946;87.41 %;67.895;77.670;87.18 %;77.880;132.000;1.40 %;;;;No
Iceland;Presidential;2016;75.67 %;185.390;245.004;72.93 %;254.202;335.878;1.52 %;1.0 ;1 ;1 ;No
Iceland;Presidential;2012;69.32 %;163.251;235.495;68.91 %;236.899;313.183;2.48 %;1.0 ;1 ;1 ;No
Iceland;Presidential;2004;62.92 %;134.374;213.553;63.72 %;210.873;290.570;0.60 %;1.0 ;1 ;1 ;No
Iceland;Presidential;1996;85.90 %;167.319;194.784;86.96 %;192.410;271.000;1.20 %;1.0 ;1 ;1 ;No
Iceland;Presidential;1988;72.80 %;126.535;173.800;72.31 %;175.000;250.000;0.20 %;1.0 ;1 ;1 ;No
Iceland;Presidential;1980;90.50 %;129.595;143.196;91.68 %;141.360;228.000;0.40 %;1.0 ;1 ;1 ;No
Iceland;Presidential;1968;92.16 %;103.900;112.737;91.14 %;114.000;200.000;0.80 %;;;;No
Iceland;Presidential;1952;82.03 %;70.457;85.887;80.69 %;87.320;148.000;3.20 %;;;;No
Ireland;Parliamentary;2016;65.09 %;2.151.293;3.305.110;58.04 %;3.706.414;4.952.473;0.86 %;1.0 ;1 ;1 ;No
Ireland;Parliamentary;2011;69.90 %;2.243.176;3.209.244;63.78 %;3.516.795;4.670.976;1.00 %;1.0 ;1 ;1 ;No
Ireland;Parliamentary;2007;67.03 %;2.085.245;3.110.914;68.89 %;3.026.706;4.234.925;0.90 %;1.0 ;1 ;1 ;No
Ireland;Parliamentary;2002;62.57 %;1.878.609;3.002.173;66.98 %;2.804.939;3.840.838;1.10 %;1.0 ;1 ;1 ;No
Ireland;Parliamentary;1997;65.92 %;1.806.932;2.741.262;67.38 %;2.681.821;3.807.391;0.99 %;1.0 ;1 ;1 ;No
Ireland;Parliamentary;1992;68.49 %;1.751.351;2.557.036;73.65 %;2.377.830;3.549.000;1.50 %;1.0 ;1 ;1 ;No
Ireland;Parliamentary;1989;68.51 %;1.677.592;2.448.810;71.23 %;2.355.050;3.515.000;1.20 %;1.0 ;1 ;1 ;No
Ireland;Parliamentary;1987;73.33 %;1.793.406;2.445.515;77.87 %;2.302.950;3.543.000;0.90 %;1.0 ;1 ;1 ;No
Ireland;Parliamentary;1982;72.86 %;1.701.385;2.335.153;76.33 %;2.229.120;3.483.000;0.70 %;1.0 ;1 ;1 ;No
Ireland;Parliamentary;1981;76.22 %;1.734.379;2.275.450;78.78 %;2.201.600;3.440.000;0.90 %;1.0 ;1 ;1 ;No
Ireland;Parliamentary;1977;76.31 %;1.616.770;2.118.606;85.17 %;1.898.340;3.273.000;0.90 %;1.0 ;1 ;1 ;No
Ireland;Parliamentary;1973;76.61 %;1.366.474;1.783.604;77.76 %;1.757.400;3.030.000;1.20 %;1.5 ;1 ;2 ;No
Ireland;Parliamentary;1969;76.93 %;1.334.963;1.735.388;77.22 %;1.728.700;2.930.000;1.20 %;;;;No
Ireland;Parliamentary;1965;75.14 %;1.264.666;1.683.019;74.43 %;1.699.200;2.880.000;0.90 %;;;;No
Ireland;Parliamentary;1961;70.61 %;1.179.738;1.670.860;70.96 %;1.662.620;2.818.000;1.00 %;;;;No
Ireland;Parliamentary;1957;71.25 %;1.238.559;1.738.278;70.38 %;1.759.850;2.885.000;0.90 %;;;;No
Ireland;Parliamentary;1954;76.45 %;1.347.932;1.763.209;75.34 %;1.789.130;2.933.000;0.90 %;;;;No
Ireland;Parliamentary;1951;75.27 %;1.343.616;1.785.144;74.39 %;1.806.210;2.961.000;0.90 %;;;;No
Ireland;Parliamentary;1948;74.25 %;1.336.628;1.800.210;73.41 %;1.820.850;2.985.000;1.00 %;;;;No
Ireland;Presidential;2018;43.87 %;1.492.338;3.401.681;39.33 %;3.794.837;5.068.050;1.24 %;1.0 ;1 ;1 ;No
Ireland;Presidential;2011;56.11 %;1.790.438;3.191.157;50.72 %;3.529.938;4.670.976;;1.0 ;1 ;1 ;No
Ireland;Presidential;1997;46.71 %;1.279.688;2.739.529;47.72 %;2.681.821;;0.80 %;1.0 ;1 ;1 ;No
Ireland;Presidential;1990;64.10 %;1.584.095;2.471.308;;;;0.60 %;1.0 ;1 ;1 ;No
Ireland;Presidential;1973;47.60 %;1.279.688;2.688.316;47.72 %;2.681.821;3.626.087;0.80 %;1.5 ;;;No
Ireland;Presidential;1966;65.35 %;1.116.915;1.709.161;65.73 %;1.699.200;2.880.000;0.60 %;0.0 ;;;No
Ireland;Presidential;1959;58.40 %;980.167;1.678.450;58.37 %;1.679.140;2.846.000;1.50 %;0.0 ;;;No
Ireland;Presidential;1945;60.24 %;1.086.338;1.803.463;60.33 %;1.800.720;2.952.000;6.20 %;0.0 ;;;No
Ireland;EU Parliament;2014;52.44 %;1.701.942;3.245.348;47.45 %;3.586.748;4.832.765;2.67 %;1.0 ;1 ;1 ;No
Ireland;EU Parliament;2009;57.57 %;1.875.920;3.258.320;54.19 %;3.461.547;4.579.996;2.48 %;1.0 ;1 ;1 ;No
Ireland;EU Parliament;2004;58.58 %;1.841.335;3.143.026;62.52 %;2.945.038;4.027.732;3.30 %;1.0 ;1 ;1 ;No
Ireland;EU Parliament;1999;50.21 %;1.438.287;2.864.361;54.72 %;2.628.426;3.732.201;3.24 %;1.0 ;1 ;1 ;No
Ireland;EU Parliament;1994;43.98 %;1.157.296;2.631.575;47.92 %;2.415.232;3.583.154;1.70 %;1.5 ;1 ;2 ;No
Ireland;EU Parliament;1989;68.30 %;1.675.707;2.453.451;73.69 %;2.274.127;3.515.048;2.60 %;1.0 ;1 ;1 ;No
Ireland;EU Parliament;1984;47.60 %;1.148.780;2.413.404;51.97 %;2.210.380;3.522.800;2.50 %;1.0 ;1 ;1 ;No
Ireland;EU Parliament;1979;63.60 %;1.392.076;2.188.798;67.06 %;2.075.900;3.354.700;3.80 %;1.0 ;1 ;1 ;No
Italy;Parliamentary;2018;72.93 %;33.916.460;46.505.499;65.18 %;52.037.314;62.246.674;3.22 %;1.0 ;1 ;1 ;No
Italy;Parliamentary;2013;75.19 %;35.271.541;46.905.154;68.33 %;51.620.536;61.482.297;3.59 %;1.0 ;1 ;1 ;No
Italy;Parliamentary;2008;80.54 %;37.954.253;47.126.326;79.13 %;47.961.929;58.147.733;5.10 %;1.0 ;1 ;1 ;No
Italy;Parliamentary;2006;83.62 %;39.298.497;46.997.601;82.13 %;47.848.339;58.103.033;2.90 %;1.0 ;1 ;1 ;No
Italy;Parliamentary;2001;81.44 %;40.195.500;49.358.947;84.92 %;47.332.575;57.684.294;7.20 %;1.5 ;1 ;2 ;No
Italy;Parliamentary;1996;82.91 %;40.496.438;48.846.238;87.35 %;46.363.590;57.239.000;7.80 %;1.5 ;1 ;2 ;No
Italy;Parliamentary;1994;86.14 %;41.461.260;48.135.041;90.84 %;45.641.100;57.049.000;5.90 %;1.5 ;1 ;2 ;No
Italy;Parliamentary;1992;87.44 %;41.479.764;47.435.964;92.34 %;44.918.610;56.859.000;5.40 %;1.5 ;1 ;2 ;Yes
Italy;Parliamentary;1987;88.86 %;40.599.490;45.689.829;94.40 %;43.008.750;57.345.000;4.90 %;1.0 ;1 ;1 ;Yes
Italy;Parliamentary;1983;89.02 %;39.114.321;43.936.534;91.76 %;42.627.000;56.836.000;5.70 %;1.5 ;1 ;2 ;Yes
Italy;Parliamentary;1979;90.35 %;38.112.228;42.181.664;92.75 %;41.093.160;56.292.000;3.90 %;2.0 ;2 ;2 ;Yes
Italy;Parliamentary;1976;93.37 %;37.741.404;40.423.131;95.43 %;39.547.710;55.701.000;2.70 %;1.5 ;2 ;1 ;Yes
Italy;Parliamentary;1972;93.18 %;34.524.106;37.049.654;94.70 %;36.454.700;54.410.000;3.20 %;1.5 ;1 ;2 ;Yes
Italy;Parliamentary;1968;92.79 %;33.003.249;35.566.681;93.10 %;35.449.700;52.910.000;3.60 %;;;;Yes
Italy;Parliamentary;1963;92.88 %;31.766.058;34.201.660;95.31 %;33.328.680;50.498.000;3.20 %;;;;Yes
Italy;Parliamentary;1958;93.72 %;30.399.708;32.436.022;93.92 %;32.367.060;49.041.000;2.80 %;;;;Yes
Italy;Parliamentary;1953;93.87 %;28.410.851;30.267.080;91.53 %;31.041.400;47.756.000;4.30 %;;;;Yes
Italy;Parliamentary;1948;92.23 %;26.854.203;29.117.554;93.26 %;28.794.780;45.706.000;2.20 %;;;;Yes
Italy;Parliamentary;1946;89.08 %;24.947.187;28.005.449;88.01 %;28.346.220;44.994.000;7.70 %;;;;Yes
Italy;EU Parliament;2014;57.22 %;28.991.258;50.662.460;57.32 %;50.577.526;61.680.122;3.31 %;1.0 ;1 ;1 ;No
Italy;EU Parliament;2009;65.05 %;32.748.675;50.342.153;65.11 %;50.296.935;60.461.585;6.39 %;1.5 ;1 ;2 ;No
Italy;EU Parliament;2004;71.72 %;35.717.655;49.804.087;75.37 %;47.388.052;57.888.245;8.96 %;1.0 ;1 ;1 ;No
Italy;EU Parliament;1999;69.76 %;34.376.467;49.278.309;74.36 %;46.226.974;56.909.109;9.65 %;1.5 ;1 ;2 ;No
Italy;EU Parliament;1994;73.60 %;35.667.440;48.461.792;78.83 %;45.248.017;56.842.392;7.72 %;1.5 ;1 ;2 ;No
Italy;EU Parliament;1989;81.00 %;37.719.017;46.566.688;87.17 %;43.272.844;56.649.201;7.70 %;1.0 ;1 ;1 ;Yes
Italy;EU Parliament;1984;83.40 %;37.061.545;44.438.303;89.62 %;41.355.648;56.565.117;5.30 %;1.0 ;1 ;1 ;Yes
Italy;EU Parliament;1979;84.90 %;35.822.170;42.193.369;90.19 %;39.720.584;56.247.017;2.20 %;2.0 ;2 ;2 ;Yes
Kosovo;Parliamentary;2017;41.30 %;779.729;1.888.059;59.22 %;1.316.710;1.895.250;6.30 %;3.5 ;3 ;4 ;No
Kosovo;Parliamentary;2014;42.63 %;766.834;1.799.023;61.70 %;1.242.917;1.859.203;4.64 %;4.5 ;5 ;4 ;No
Kosovo;Parliamentary;2010;45.62 %;743.892;1.630.636;61.31 %;1.213.399;1.815.048;4.22 %;4.5 ;5 ;4 ;No
Kosovo;Parliamentary;2007;43.23 %;628.630;1.454.174;55.89 %;1.124.763;2.126.000;9.00 %;5.5 ;6 ;5 ;No
Kosovo;Parliamentary;2004;49.52 %;699.519;1.412.680;65.28 %;1.071.500;2.041.000;1.35 %;5.0 ;5 ;5 ;No
Latvia;Parliamentary;2018;54.58 %;844.925;1.548.100;53.55 %;1.577.849;1.923.559;0.70 %;2.0 ;2 ;2 ;No
Latvia;Parliamentary;2014;58.80 %;913.491;1.553.556;51.69 %;1.767.172;2.165.165;0.76 %;2.0 ;2 ;2 ;No
Latvia;Parliamentary;2011;59.49 %;917.713;1.542.700;53.02 %;1.730.922;2.074.605;0.14 %;2.0 ;2 ;2 ;No
Latvia;Parliamentary;2010;64.72 %;965.509;1.491.735;52.46 %;1.840.459;2.217.969;2.14 %;1.5 ;2 ;1 ;No
Latvia;Parliamentary;2006;60.98 %;908.979;1.490.636;50.18 %;1.811.612;2.274.735;0.80 %;1.0 ;1 ;1 ;No
Latvia;Parliamentary;2002;71.17 %;995.085;1.398.156;55.08 %;1.806.643;2.385.231;0.50 %;1.5 ;1 ;2 ;No
Latvia;Parliamentary;1998;71.90 %;964.667;1.341.602;51.91 %;1.858.210;2.432.841;0.50 %;1.5 ;1 ;2 ;No
Latvia;Parliamentary;1995;71.90 %;959.459;1.334.436;50.64 %;1.894.500;2.526.000;1.50 %;2.0 ;2 ;2 ;No
Latvia;Parliamentary;1993;89.88 %;1.119.432;1.245.530;57.72 %;1.939.500;2.586.000;1.50 %;3.0 ;3 ;3 ;No
Latvia;Parliamentary;1990;81.20 %;1.600.000;1.970.443;80.95 %;1.976.540;2.671.000;;0.0 ;;;No
Latvia;EU Parliament;2014;30.24 %;445.225;1.472.478;25.19 %;1.767.172;2.165.165;1.11 %;2.0 ;2 ;2 ;No
Latvia;EU Parliament;2009;53.69 %;797.219;1.484.781;43.20 %;1.845.231;2.231.503;0.70 %;1.5 ;2 ;1 ;No
Latvia;EU Parliament;2004;41.34 %;577.879;1.397.736;31.30 %;1.846.274;2.306.306;1.12 %;1.5 ;1 ;2 ;No
Liechtenstein;Parliamentary;2017;77.82 %;15.413;19.806;49.58 %;31.087;38.244;4.08 %;1.5 ;2 ;1 ;Yes
Liechtenstein;Parliamentary;2013;79.80 %;15.363;19.251;52.70 %;29.150;36.713;;1.0 ;1 ;1 ;Yes
Liechtenstein;Parliamentary;2009;84.63 %;15.650;18.493;56.46 %;27.718;34.761;2.90 %;1.0 ;1 ;1 ;Yes
Liechtenstein;Parliamentary;2005;86.47 %;15.070;17.428;57.62 %;26.154;34.294;2.10 %;1.0 ;1 ;1 ;Yes
Liechtenstein;Parliamentary;2001;86.72 %;14.178;16.350;56.76 %;24.981;32.207;1.10 %;1.0 ;1 ;1 ;Yes
Liechtenstein;Parliamentary;1997;86.94 %;12.836;14.765;53.84 %;23.840;32.000;0.50 %;1.0 ;1 ;1 ;Yes
Liechtenstein;Parliamentary;1993;87.54 %;12.255;13.999;55.58 %;22.050;30.000;0.90 %;1.0 ;1 ;1 ;Yes
Liechtenstein;Parliamentary;1989;90.88 %;12.094;13.307;59.58 %;20.300;28.000;0.70 %;;;;Yes
Liechtenstein;Parliamentary;1986;93.33 %;11.677;12.512;60.27 %;19.373;27.000;0.20 %;;;;Yes
Liechtenstein;Parliamentary;1982;95.39 %;5.004;5.246;56.61 %;8.840;26.000;1.10 %;;;;Yes
Liechtenstein;Parliamentary;1978;95.72 %;4.670;4.879;56.61 %;8.250;25.000;0.60 %;;;;Yes
Liechtenstein;Parliamentary;1974;95.56 %;4.369;4.572;56.89 %;7.680;24.000;0.80 %;3.0 ;4 ;2 ;Yes
Liechtenstein;Parliamentary;1970;94.94 %;4.091;4.309;62.84 %;6.510;21.000;0.80 %;;;;Yes
Liechtenstein;Parliamentary;1966;95.68 %;3.724;3.892;62.07 %;6.000;20.000;0.30 %;;;;Yes
Liechtenstein;Parliamentary;1962;94.68 %;3.452;3.646;66.13 %;5.220;18.000;0.50 %;;;;Yes
Liechtenstein;Parliamentary;1958;96.47 %;3.419;3.544;76.32 %;4.480;16.000;0.20 %;;;;Yes
Liechtenstein;Parliamentary;1957;93.45 %;3.294;3.525;74.19 %;4.440;16.000;0.30 %;;;;Yes
Liechtenstein;Parliamentary;1953;90.76 %;3.173;3.398;79.07 %;4.013;15.000;0.90 %;;;;Yes
Liechtenstein;Parliamentary;1949;91.99 %;3.022;3.285;83.83 %;3.605;14.000;1.50 %;;;;Yes
Liechtenstein;Parliamentary;1945;93.36 %;2.883;3.088;97.07 %;2.970;12.000;1.90 %;;;;Yes
Lithuania;Parliamentary;2016;50.64 %;1.273.427;2.514.657;54.51 %;2.336.011;2.854.235;4.12 %;1.0 ;1 ;1 ;No
Lithuania;Parliamentary;2012;52.93 %;1.370.014;2.588.418;55.86 %;2.452.753;2.986.065;4.23 %;1.0 ;1 ;1 ;No
Lithuania;Parliamentary;2008;48.59 %;1.309.965;2.696.090;46.15 %;2.838.539;3.565.205;6.22 %;1.0 ;1 ;1 ;No
Lithuania;Parliamentary;2004;46.04 %;1.227.648;2.666.199;43.33 %;2.833.208;3.607.899;5.47 %;2.0 ;2 ;2 ;No
Lithuania;Parliamentary;2000;58.18 %;1.539.743;2.646.663;50.43 %;3.053.037;3.672.338;4.40 %;1.5 ;1 ;2 ;No
Lithuania;Parliamentary;1996;52.92 %;1.374.612;2.597.530;49.96 %;2.751.320;3.718.000;4.90 %;1.5 ;1 ;2 ;No
Lithuania;Parliamentary;1992;75.22 %;1.918.027;2.549.952;70.21 %;2.731.660;3.742.000;5.50 %;2.5 ;2 ;3 ;No
Lithuania;Parliamentary;1990;71.72 %;1.851.343;2.581.359;;;3.693.700;;;;;
Lithuania;Presidential;2014;47.37 %;1.212.374;2.559.398;43.19 %;2.807.195;3.505.738;1.99 %;1.0 ;1 ;1 ;No
Lithuania;Presidential;2009;51.76 %;1.393.278;2.691.603;48.04 %;2.899.982;3.555.179;1.27 %;1.0 ;1 ;1 ;No
Lithuania;Presidential;2004;52.46 %;1.395.103;2.659.211;49.24 %;2.833.208;3.607.899;1.45 %;2.0 ;2 ;2 ;No
Lithuania;Presidential;2003;52.65 %;1.436.322;2.727.805;50.95 %;2.818.876;3.620.094;1.02 %;1.5 ;1 ;2 ;No
Lithuania;Presidential;1998;73.66 %;1.937.786;2.630.681;70.52 %;2.748.024;3.661.168;0.82 %;1.5 ;1 ;2 ;No
Lithuania;Presidential;1993;78.62 %;2.019.013;2.568.016;73.15 %;2.760.200;3.730.000;1.70 %;2.0 ;1 ;3 ;No
Lithuania;EU Parliament;2014;47.35 %;1.211.279;2.557.950;43.15 %;2.807.195;3.505.738;5.54 %;1.0 ;1 ;1 ;No
Lithuania;EU Parliament;2009;20.98 %;564.803;2.692.397;19.48 %;2.899.982;3.555.179;2.62 %;1.0 ;1 ;1 ;No
Lithuania;EU Parliament;2004;48.38 %;1.284.050;2.654.311;45.32 %;2.833.208;3.607.899;6.00 %;2.0 ;2 ;2 ;No
Luxembourg;Parliamentary;2018;89.66 %;233.014;259.887;48.16 %;483.824;605.764;7.23 %;1.0 ;1 ;1 ;Yes
Luxembourg;Parliamentary;2013;91.15 %;218.453;239.668;55.12 %;396.354;514.862;6.81 %;1.0 ;1 ;1 ;Yes
Luxembourg;Parliamentary;2009;90.93 %;203.535;223.842;53.20 %;382.589;491.775;6.45 %;1.0 ;1 ;1 ;Yes
Luxembourg;Parliamentary;2004;91.68 %;199.846;217.979;56.50 %;353.691;455.000;5.60 %;1.0 ;1 ;1 ;Yes
Luxembourg;Parliamentary;1999;86.51 %;191.267;221.103;56.92 %;336.027;429.797;6.50 %;1.0 ;1 ;1 ;Yes
Luxembourg;Parliamentary;1994;88.30 %;191.724;217.131;60.52 %;316.790;401.000;6.50 %;1.0 ;1 ;1 ;Yes
Luxembourg;Parliamentary;1989;87.39 %;191.332;218.940;64.07 %;298.620;378.000;5.50 %;1.0 ;1 ;1 ;Yes
Luxembourg;Parliamentary;1984;88.81 %;191.651;215.792;66.83 %;286.770;363.000;6.50 %;1.0 ;1 ;1 ;Yes
Luxembourg;Parliamentary;1979;88.85 %;188.909;212.614;68.48 %;275.880;363.000;7.30 %;1.0 ;1 ;1 ;Yes
Luxembourg;Parliamentary;1974;90.14 %;185.527;205.817;73.74 %;251.600;340.000;5.80 %;1.5 ;2 ;1 ;Yes
Luxembourg;Parliamentary;1968;88.56 %;170.566;192.601;67.79 %;251.600;340.000;6.40 %;;;;Yes
Luxembourg;Parliamentary;1964;90.57 %;173.702;191.788;72.55 %;239.440;328.000;6.40 %;;;;Yes
Luxembourg;Parliamentary;1959;92.33 %;173.836;188.286;74.29 %;234.000;312.000;4.90 %;;;;Yes
Luxembourg;Parliamentary;1954;92.65 %;170.092;183.590;73.14 %;232.560;306.000;4.90 %;;;;Yes
Luxembourg;Parliamentary;1951;90.78 %;83.613;92.110;37.29 %;224.250;299.000;4.90 %;;;;Yes
Luxembourg;Parliamentary;1948;91.90 %;77.865;84.724;;219.000;292.000;5.60 %;;;;Yes
Luxembourg;Parliamentary;1945;;159.083;;74.95 %;212.250;283.000;;;;;Yes
Luxembourg;EU Parliament;2014;85.55 %;226.218;264.433;55.76 %;405.676;520.672;9.92 %;1.0 ;1 ;1 ;Yes
Luxembourg;EU Parliament;2009;90.76 %;218.423;240.669;57.09 %;382.589;491.775;9.18 %;1.0 ;1 ;1 ;Yes
Luxembourg;EU Parliament;2004;91.35 %;209.689;229.550;60.07 %;349.079;454.960;8.35 %;1.0 ;1 ;1 ;Yes
Luxembourg;EU Parliament;1999;87.27 %;199.597;228.712;60.84 %;328.066;427.350;9.40 %;1.0 ;1 ;1 ;Yes
Luxembourg;EU Parliament;1994;88.55 %;198.370;224.031;63.93 %;310.293;400.200;9.95 %;1.0 ;1 ;1 ;Yes
Luxembourg;EU Parliament;1989;87.40 %;191.354;218.940;65.44 %;292.412;374.900;8.80 %;1.0 ;1 ;1 ;Yes
Luxembourg;EU Parliament;1984;88.80 %;191.623;215.792;68.49 %;279.771;365.794;9.30 %;1.0 ;1 ;1 ;Yes
Luxembourg;EU Parliament;1979;88.90 %;189.126;212.740;69.20 %;273.294;362.261;9.70 %;1.0 ;1 ;1 ;Yes
Macedonia. former Yugoslav Republic (1993-);Parliamentary;2016;66.79 %;1.191.851;1.784.416;71.99 %;1.655.370;2.100.025;3.18 %;3.5 ;4 ;3 ;No
Macedonia. former Yugoslav Republic (1993-);Parliamentary;2014;62.98 %;1.120.744;1.779.572;68.96 %;1.625.315;2.091.719;;3.0 ;3 ;3 ;No
Macedonia. former Yugoslav Republic (1993-);Parliamentary;2011;63.48 %;1.156.049;1.821.122;69.37 %;1.779.572;2.114.550;2.77 %;3.0 ;3 ;3 ;No
Macedonia. former Yugoslav Republic (1993-);Parliamentary;2008;57.99 %;1.031.632;1.779.116;67.08 %;1.538.020;2.061.315;3.00 %;3.0 ;3 ;3 ;No
Macedonia. former Yugoslav Republic (1993-);Parliamentary;2006;55.98 %;974.891;1.741.449;64.50 %;1.511.450;2.050.554;3.90 %;3.0 ;3 ;3 ;No
Macedonia. former Yugoslav Republic (1993-);Parliamentary;2002;74.60 %;1.241.605;1.664.297;85.35 %;1.454.681;2.031.112;1.80 %;3.0 ;3 ;3 ;No
Macedonia. former Yugoslav Republic (1993-);Parliamentary;1998;72.88 %;1.146.457;1.572.976;70.70 %;1.621.599;2.008.850;;3.0 ;3 ;3 ;No
Macedonia. former Yugoslav Republic (1993-);Parliamentary;1994;77.29 %;1.051.665;1.360.729;71.16 %;1.477.980;2.142.000;3.90 %;3.5 ;4 ;3 ;No
Macedonia. former Yugoslav Republic (1993-);Parliamentary;1990;81.18 %;1.135.728;1.399.021;;;;5.90 %;;;;
Macedonia. former Yugoslav Republic (1993-);Presidential;2014;54.38 %;967.694;1.779.572;59.54 %;1.625.315;2.091.719;;3.0 ;3 ;3 ;No
Macedonia. former Yugoslav Republic (1993-);Presidential;2009;42.63 %;764.039;1.792.082;48.35 %;1.580.090;2.066.718;;3.0 ;3 ;3 ;No
Macedonia. former Yugoslav Republic (1993-);Presidential;2004;53.64 %;909.289;1.695.103;61.27 %;1.484.016;2.071.210;3.30 %;3.0 ;3 ;3 ;No
Macedonia. former Yugoslav Republic (1993-);Presidential;1999;69.56 %;1.120.087;1.610.340;77.84 %;1.438.948;2.020.903;1.50 %;3.0 ;3 ;3 ;No
Macedonia. former Yugoslav Republic (1993-);Presidential;1994;77.76 %;1.058.130;1.360.729;71.59 %;1.477.980;2.142.000;14.00 %;3.5 ;4 ;3 ;No
Malta;Parliamentary;2017;92.06 %;314.696;341.856;92.29 %;341.004;416.338;1.28 %;1.0 ;1 ;1 ;No
Malta;Parliamentary;2013;92.95 %;309.600;333.072;91.72 %;337.540;409.836;1.30 %;1.0 ;1 ;1 ;No
Malta;Parliamentary;2008;93.30 %;294.214;315.357;88.88 %;331.028;401.880;1.20 %;1.0 ;1 ;1 ;No
Malta;Parliamentary;2003;95.70 %;285.122;297.930;95.35 %;299.040;397.499;1.00 %;1.0 ;1 ;1 ;No
Malta;Parliamentary;1998;95.40 %;268.150;281.078;95.93 %;279.515;379.287;1.40 %;1.0 ;1 ;1 ;No
Malta;Parliamentary;1996;97.16 %;264.037;271.746;98.02 %;269.370;369.000;1.10 %;1.0 ;1 ;1 ;No
Malta;Parliamentary;1992;96.04 %;249.145;259.423;95.33 %;261.360;363.000;0.80 %;1.0 ;1 ;1 ;No
Malta;Parliamentary;1987;96.11 %;236.719;246.292;95.57 %;247.680;344.000;0.70 %;1.5 ;1 ;2 ;No
Malta;Parliamentary;1981;94.64 %;225.466;238.237;86.03 %;262.080;364.000;0.60 %;3.0 ;2 ;4 ;No
Malta;Parliamentary;1976;95.00 %;206.843;217.724;89.81 %;230.300;329.000;0.70 %;1.5 ;1 ;2 ;No
Malta;Parliamentary;1971;92.93 %;168.913;181.768;77.55 %;217.800;330.000;0.50 %;;;;No
Malta;Parliamentary;1966;89.71 %;144.873;161.490;76.73 %;188.800;320.000;1.10 %;;;;No
Malta;Parliamentary;1962;90.77 %;151.533;166.936;79.41 %;190.820;329.000;0.60 %;;;;No
Malta;Parliamentary;1955;81.16 %;121.243;149.380;67.74 %;178.980;314.000;0.50 %;;;;No
Malta;Parliamentary;1953;80.37 %;119.333;148.478;66.04 %;180.690;317.000;0.70 %;;;;No
Malta;Parliamentary;1951;74.59 %;113.366;151.977;60.37 %;187.800;313.000;0.70 %;;;;No
Malta;Parliamentary;1950;76.02 %;106.820;140.516;57.06 %;187.200;312.000;0.60 %;;;;No
Malta;Parliamentary;1947;75.44 %;106.141;140.703;58.97 %;180.000;300.000;0.60 %;;;;No
Malta;EU Parliament;2014;74.80 %;257.588;344.356;77.84 %;330.921;412.655;2.23 %;1.0 ;1 ;1 ;No
Malta;EU Parliament;2009;78.79 %;254.039;322.411;78.56 %;323.381;405.165;2.30 %;1.0 ;1 ;1 ;No
Malta;EU Parliament;2004;82.39 %;250.691;304.283;82.39 %;304.263;399.867;2.00 %;1.0 ;1 ;1 ;No
Moldova. Republic of;Parliamentary;2014;55.80 %;1.649.489;2.956.270;58.82 %;2.804.089;3.583.288;;3.0 ;3 ;3 ;No
Moldova. Republic of;Parliamentary;2010;63.37 %;1.733.051;2.734.700;50.21 %;3.451.332;4.317.483;0.69 %;3.5 ;3 ;4 ;No
Moldova. Republic of;Parliamentary;2009;58.77 %;1.591.757;2.708.381;46.36 %;3.433.374;4.320.748;0.65 %;4.0 ;4 ;4 ;No
Moldova. Republic of;Parliamentary;2005;64.84 %;1.576.079;2.430.537;48.66 %;3.238.695;4.446.455;1.20 %;3.5 ;3 ;4 ;No
Moldova. Republic of;Parliamentary;2001;69.96 %;1.605.853;2.295.288;63.77 %;2.518.141;3.657.498;2.50 %;3.0 ;2 ;4 ;No
Moldova. Republic of;Parliamentary;1998;69.12 %;1.680.470;2.431.218;56.98 %;2.949.470;4.403.000;3.40 %;3.0 ;2 ;4 ;No
Moldova. Republic of;Parliamentary;1994;79.31 %;1.869.090;2.356.614;64.13 %;2.914.500;4.350.000;5.00 %;4.0 ;4 ;4 ;No
Moldova. Republic of;Presidential;2016;53.45 %;1.614.067;3.019.495;58.45 %;2.761.612;3.510.485;0.82 %;3.0 ;3 ;3 ;No
Moldova. Republic of;Presidential;1996;71.64 %;1.748.688;2.441.054;60.00 %;2.914.500;4.350.000;2.60 %;3.5 ;3 ;4 ;No
Monaco;Parliamentary;2018;70.35 %;5.097;7.245;19.09 %;26.694;30.727;5.40 %;2.0 ;3 ;1 ;No
Monaco;Parliamentary;2013;74.55 %;5.088;6.825;19.88 %;25.597;30.510;4.36 %;1.5 ;2 ;1 ;No
Monaco;Parliamentary;2008;76.85 %;4.854;6.316;18.29 %;26.546;35.352;4.20 %;1.5 ;2 ;1 ;No
Monaco;Parliamentary;2003;79.73 %;4.658;5.842;17.86 %;26.082;32.110;3.40 %;1.5 ;2 ;1 ;No
Monaco;Parliamentary;1998;65.41 %;3.226;4.932;11.70 %;27.564;32.580;2.80 %;1.5 ;2 ;1 ;No
Monaco;Parliamentary;1993;66.59 %;3.051;4.582;12.00 %;25.420;31.000;3.30 %;1.5 ;2 ;1 ;No
Monaco;Parliamentary;1988;70.33 %;2.985;4.244;12.55 %;23.780;29.000;5.20 %;;;;No
Monaco;Parliamentary;1983;75.05 %;2.930;3.904;13.23 %;22.140;27.000;2.90 %;;;;No
Monaco;Parliamentary;1978;74.55 %;2.719;3.647;13.26 %;20.500;25.000;5.50 %;;;;No
Monaco;Parliamentary;1973;72.26 %;2.457;3.400;15.17 %;16.200;20.000;2.90 %;3.0 ;4 ;2 ;No
Monaco;Parliamentary;1968;72.34 %;2.388;3.301;14.74 %;16.200;20.000;6.30 %;;;;No
Montenegro;Parliamentary;2016;73.41 %;388.220;528.817;73.38 %;529.076;644.578;1.42 %;3.0 ;3 ;3 ;No
Montenegro;Parliamentary;2012;70.56 %;362.714;514.055;71.01 %;510.795;657.394;1.50 %;2.5 ;3 ;2 ;No
Montenegro;Parliamentary;2009;66.19 %;329.819;498.305;61.15 %;539.337;672.180;1.77 %;3.0 ;3 ;3 ;No
Montenegro;Parliamentary;2006;72.05 %;349.014;484.430;65.84 %;530.122;620.145;2.00 %;3.0 ;3 ;3 ;No
Montenegro;Presidential;2018;63.92 %;340.462;532.599;64.68 %;526.393;640.990;1.76 %;3.0 ;3 ;3 ;No
Montenegro;Presidential;2013;63.90 %;326.793;511.405;64.36 %;507.749;653.474;3.23 %;2.5 ;3 ;2 ;No
Montenegro;Presidential;2008;68.70 %;336.900;490.412;63.46 %;530.893;684.736;2.10 %;3.0 ;3 ;3 ;No
Montenegro;Presidential;2003;48.38 %;221.752;458.339;41.16 %;538.694;713.614;2.03 %;;;;No
Netherlands;Parliamentary;2017;81.93 %;10.563.456;12.893.466;77.31 %;13.664.324;17.084.719;0.45 %;1.0 ;1 ;1 ;No
Netherlands;Parliamentary;2012;74.56 %;9.462.223;12.689.810;71.02 %;13.322.602;16.730.632;0.40 %;1.0 ;1 ;1 ;No
Netherlands;Parliamentary;2010;75.40 %;9.442.977;12.524.152;71.13 %;13.276.313;16.783.092;0.28 %;1.0 ;1 ;1 ;No
Netherlands;Parliamentary;2006;80.35 %;9.854.998;12.264.503;77.48 %;12.718.943;16.491.461;0.20 %;1.0 ;1 ;1 ;No
Netherlands;Parliamentary;2003;80.04 %;9.666.602;12.076.711;77.54 %;12.467.104;16.607.754;0.10 %;1.0 ;1 ;1 ;No
Netherlands;Parliamentary;2002;79.06 %;9.515.226;12.035.935;76.82 %;12.386.626;15.981.472;1.50 %;1.0 ;1 ;1 ;No
Netherlands;Parliamentary;1998;73.23 %;8.607.787;11.755.132;70.12 %;12.275.387;15.649.729;1.70 %;1.0 ;1 ;1 ;No
Netherlands;Parliamentary;1994;78.75 %;9.021.144;11.455.924;75.20 %;11.996.400;15.380.000;0.50 %;1.0 ;1 ;1 ;No
Netherlands;Parliamentary;1989;80.27 %;8.919.787;11.112.189;78.01 %;11.433.730;14.849.000;0.30 %;1.0 ;1 ;1 ;No
Netherlands;Parliamentary;1986;85.76 %;9.199.621;10.727.701;84.22 %;10.923.000;14.564.000;0.30 %;1.0 ;1 ;1 ;No
Netherlands;Parliamentary;1982;80.98 %;8.273.631;10.216.634;80.30 %;10.303.200;14.310.000;0.40 %;1.0 ;1 ;1 ;No
Netherlands;Parliamentary;1981;87.03 %;8.738.238;10.040.121;85.19 %;10.257.120;14.246.000;0.50 %;1.0 ;1 ;1 ;No
Netherlands;Parliamentary;1977;88.00 %;8.365.829;9.506.318;86.27 %;9.697.100;13.853.000;0.60 %;1.0 ;1 ;1 ;No
Netherlands;Parliamentary;1972;83.50 %;7.445.287;8.916.947;80.24 %;9.279.000;13.269.563;0.70 %;1.0 ;1 ;1 ;No
Netherlands;Parliamentary;1971;79.08 %;6.364.719;8.048.726;77.83 %;8.177.800;13.190.000;0.70 %;;;;No
Netherlands;Parliamentary;1967;94.95 %;7.076.328;7.452.776;92.07 %;7.686.000;12.600.000;2.80 %;;;;Yes
Netherlands;Parliamentary;1963;95.13 %;6.419.964;6.748.611;87.95 %;7.299.870;11.967.000;2.50 %;;;;Yes
Netherlands;Parliamentary;1959;95.57 %;6.143.409;6.427.864;88.76 %;6.921.060;11.346.000;2.30 %;;;;Yes
Netherlands;Parliamentary;1956;95.50 %;5.849.652;6.125.210;88.07 %;6.642.290;10.889.000;2.10 %;;;;Yes
Netherlands;Parliamentary;1952;94.98 %;5.501.728;5.792.679;86.87 %;6.333.020;10.382.000;3.00 %;;;;Yes
Netherlands;Parliamentary;1948;93.67 %;5.089.582;5.433.633;85.14 %;5.978.000;9.800.000;3.10 %;;;;Yes
Netherlands;Parliamentary;1946;93.12 %;4.913.015;5.275.888;85.47 %;5.748.030;9.423.000;3.10 %;;;;Yes
Netherlands;EU Parliament;2014;37.32 %;4.782.251;12.815.496;36.35 %;13.156.909;16.877.351;0.60 %;1.0 ;1 ;1 ;No
Netherlands;EU Parliament;2009;36.75 %;4.573.743;12.445.497;34.68 %;13.188.512;16.715.999;0.44 %;1.0 ;1 ;1 ;No
Netherlands;EU Parliament;2004;39.26 %;4.777.121;12.168.878;38.32 %;12.464.846;16.258.032;0.24 %;1.0 ;1 ;1 ;No
Netherlands;EU Parliament;1999;30.02 %;3.560.764;11.862.864;29.42 %;12.105.169;15.760.225;0.46 %;1.0 ;1 ;1 ;No
Netherlands;EU Parliament;1994;35.69 %;4.146.730;11.618.677;35.21 %;11.777.483;15.341.553;0.32 %;1.0 ;1 ;1 ;No
Netherlands;EU Parliament;1989;47.20 %;5.249.337;11.121.477;47.02 %;11.163.562;14.805.240;0.10 %;1.0 ;1 ;1 ;No
Netherlands;EU Parliament;1984;50.60 %;5.300.856;10.476.000;50.61 %;10.474.544;14.394.589;0.10 %;1.0 ;1 ;1 ;No
Netherlands;EU Parliament;1979;58.10 %;5.698.550;9.808.176;58.43 %;9.752.249;13.985.526;0.50 %;1.0 ;1 ;1 ;No
Norway;Parliamentary;2017;78.22 %;2.945.352;3.765.245;70.59 %;4.172.659;5.320.045;0.80 %;1.0 ;1 ;1 ;No
Norway;Parliamentary;2013;78.23 %;2.848.898;3.641.753;77.93 %;3.655.788;4.722.701;0.45 %;1.0 ;1 ;1 ;No
Norway;Parliamentary;2009;76.37 %;2.696.468;3.530.785;74.74 %;3.607.670;4.660.539;0.50 %;1.0 ;1 ;1 ;No
Norway;Parliamentary;2005;77.44 %;2.649.735;3.421.741;76.54 %;3.461.754;4.593.041;0.40 %;1.0 ;1 ;1 ;No
Norway;Parliamentary;2001;75.48 %;2.535.776;3.359.433;73.50 %;3.450.120;4.515.195;0.60 %;1.0 ;1 ;1 ;No
Norway;Parliamentary;1997;78.33 %;2.593.669;3.311.190;76.77 %;3.378.488;4.405.672;0.50 %;1.0 ;1 ;1 ;No
Norway;Parliamentary;1993;75.85 %;2.472.551;3.259.957;74.47 %;3.320.240;4.312.000;0.40 %;1.0 ;1 ;1 ;No
Norway;Parliamentary;1989;83.16 %;2.653.173;3.190.311;81.52 %;3.254.790;4.227.000;0.20 %;1.0 ;1 ;1 ;No
Norway;Parliamentary;1985;84.03 %;2.605.436;3.100.479;83.65 %;3.114.750;4.153.000;0.10 %;1.0 ;1 ;1 ;No
Norway;Parliamentary;1981;81.99 %;2.462.142;3.003.093;82.26 %;2.993.000;4.100.000;0.10 %;1.0 ;1 ;1 ;No
Norway;Parliamentary;1977;82.89 %;2.304.496;2.780.190;79.17 %;2.910.960;4.043.000;0.10 %;1.0 ;1 ;1 ;No
Norway;Parliamentary;1973;80.24 %;2.155.734;2.686.676;80.06 %;2.692.800;3.960.000;0.20 %;1.0 ;1 ;1 ;No
Norway;Parliamentary;1969;83.84 %;2.162.596;2.579.566;85.11 %;2.541.000;3.850.000;0.20 %;;;;No
Norway;Parliamentary;1965;85.43 %;2.056.091;2.406.866;85.03 %;2.418.000;3.720.000;0.40 %;;;;No
Norway;Parliamentary;1961;79.07 %;1.850.548;2.340.495;77.67 %;2.382.600;3.610.000;0.60 %;;;;No
Norway;Parliamentary;1957;78.32 %;1.800.155;2.298.376;76.94 %;2.339.640;3.492.000;0.50 %;;;;No
Norway;Parliamentary;1953;79.33 %;1.790.331;2.256.799;79.55 %;2.250.530;3.359.000;0.60 %;;;;No
Norway;Parliamentary;1949;82.02 %;1.770.897;2.159.005;80.55 %;2.198.440;3.233.000;0.70 %;;;;No
Norway;Parliamentary;1945;76.36 %;1.498.194;1.961.977;71.35 %;2.099.840;3.088.000;0.90 %;;;;No
Poland;Parliamentary;2015;50.92 %;15.595.335;30.629.150;49.40 %;31.568.464;38.301.885;2.53 %;1.0 ;1 ;1 ;No
Poland;Parliamentary;2011;48.92 %;15.050.027;30.762.931;48.54 %;31.002.361;37.748.288;4.52 %;1.0 ;1 ;1 ;No
Poland;Parliamentary;2007;53.88 %;16.495.045;30.615.471;54.24 %;30.411.197;38.518.241;2.10 %;1.0 ;1 ;1 ;No
Poland;Parliamentary;2005;40.57 %;12.263.640;30.229.031;40.87 %;30.003.160;38.635.144;3.60 %;1.0 ;1 ;1 ;No
Poland;Parliamentary;2001;46.18 %;13.559.412;29.364.455;47.63 %;28.469.123;38.646.023;4.00 %;1.5 ;1 ;2 ;No
Poland;Parliamentary;1997;47.93 %;13.616.378;28.409.054;48.80 %;27.901.720;38.752.000;3.90 %;1.5 ;1 ;2 ;No
Poland;Parliamentary;1993;52.08 %;14.415.586;27.677.302;52.00 %;27.723.600;38.505.000;4.30 %;2.0 ;2 ;2 ;No
Poland;Parliamentary;1991;43.20 %;11.886.984;27.516.166;44.40 %;26.771.500;38.245.000;5.60 %;2.0 ;2 ;2 ;No
Poland;Parliamentary;1989;62.11 %;16.994.732;27.362.313;63.96 %;26.572.700;37.961.000;;3.5 ;4 ;3 ;No
Poland;Parliamentary;1985;78.86 %;20.554.182;26.065.497;;;37.225.792;0.32 %;5.5 ;6 ;5 ;No
Poland;Parliamentary;1980;98.87 %;24.816.304;25.098.816;;;35.578.016;0.06 %;5.0 ;6 ;4 ;No
Poland;Parliamentary;1976;98.27 %;23.652.256;24.069.579;;;34.299.428;0.06 %;6.0 ;6 ;6 ;No
Poland;Parliamentary;1972;97.94 %;21.854.481;22.313.851;;;33.039.545;0.02 %;6.0 ;6 ;6 ;No
Poland;Parliamentary;1969;97.61 %;20.642.449;21.148.879;;;32.280.848;0.04 %;;;;No
Poland;Parliamentary;1965;96.62 %;18.982.316;19.645.803;;;;0.07 %;;;;No
Poland;Parliamentary;1961;94.83 %;17.653.646;18.615.185;;;;0.11 %;;;;No
Poland;Parliamentary;1957;94.14 %;16.892.213;17.944.081;;;;0.35 %;;;;No
Poland;Parliamentary;1952;95.03 %;15.495.815;16.305.891;;;;0.03 %;;;;No
Poland;Presidential;2015;55.34 %;16.993.169;30.709.281;53.83 %;31.568.464;38.301.885;1.47 %;1.0 ;1 ;1 ;No
Poland;Presidential;2010;55.31 %;17.054.690;30.833.924;54.50 %;31.292.110;37.798.299;1.16 %;1.0 ;1 ;1 ;No
Poland;Presidential;2005;50.99 %;15.439.684;30.279.209;51.46 %;30.003.160;38.635.144;1.00 %;1.0 ;1 ;1 ;No
Poland;Presidential;2000;61.12 %;17.798.791;29.122.304;62.58 %;28.443.524;38.742.748;1.10 %;1.5 ;1 ;2 ;No
Poland;Presidential;1995;68.23 %;19.146.496;28.062.205;68.90 %;27.790.560;38.598.000;2.00 %;1.5 ;1 ;2 ;No
Poland;Presidential;1990;53.40 %;14.703.775;27.535.159;55.10 %;26.683.300;38.119.000;2.30 %;2.0 ;2 ;2 ;No
Poland;EU Parliament;2014;23.82 %;7.297.490;30.636.537;23.62 %;30.899.955;38.346.279;3.12 %;1.0 ;1 ;1 ;No
Poland;EU Parliament;2009;24.53 %;7.497.296;30.565.272;24.04 %;31.188.739;37.810.554;1.77 %;1.0 ;1 ;1 ;No
Poland;EU Parliament;2004;20.87 %;6.258.550;29.986.109;21.49 %;29.125.904;38.190.608;2.67 %;1.5 ;1 ;2 ;No
Portugal;Parliamentary;2015;55.84 %;5.408.092;9.684.922;61.75 %;8.757.878;10.825.309;3.70 %;1.0 ;1 ;1 ;No
Portugal;Parliamentary;2011;58.03 %;5.585.054;9.624.354;64.49 %;8.660.198;10.760.305;4.08 %;1.0 ;1 ;1 ;No
Portugal;Parliamentary;2009;59.68 %;5.681.258;9.519.921;66.14 %;8.589.299;10.707.924;3.10 %;1.0 ;1 ;1 ;No
Portugal;Parliamentary;2005;64.26 %;5.747.834;8.944.508;69.23 %;8.302.150;10.524.145;2.90 %;1.0 ;1 ;1 ;No
Portugal;Parliamentary;2002;62.84 %;5.582.146;8.882.561;68.62 %;8.135.142;10.066.253;1.90 %;1.0 ;1 ;1 ;No
Portugal;Parliamentary;1999;61.05 %;5.406.946;8.857.173;69.27 %;7.805.152;9.953.648;2.00 %;1.0 ;1 ;1 ;No
Portugal;Parliamentary;1995;66.30 %;5.904.854;8.906.608;79.11 %;7.463.960;9.821.000;1.90 %;1.0 ;1 ;1 ;No
Portugal;Parliamentary;1991;68.18 %;5.674.332;8.322.481;77.71 %;7.301.580;9.867.000;1.10 %;1.0 ;1 ;1 ;No
Portugal;Parliamentary;1987;72.64 %;5.623.128;7.741.149;78.15 %;7.195.680;9.994.000;2.20 %;1.5 ;1 ;2 ;No
Portugal;Parliamentary;1985;75.37 %;5.744.321;7.621.504;79.69 %;7.207.920;10.011.000;2.70 %;1.5 ;1 ;2 ;No
Portugal;Parliamentary;1983;78.64 %;5.629.996;7.159.349;77.43 %;7.271.280;10.099.000;2.70 %;1.5 ;1 ;2 ;No
Portugal;Parliamentary;1980;85.45 %;5.917.355;6.925.243;87.91 %;6.731.320;9.899.000;2.40 %;2.0 ;2 ;2 ;No
Portugal;Parliamentary;1979;87.54 %;5.915.168;6.757.152;88.25 %;6.702.760;9.857.000;2.90 %;2.0 ;2 ;2 ;No
Portugal;Parliamentary;1976;83.27 %;5.393.853;6.477.619;83.29 %;6.476.220;9.666.000;4.80 %;2.0 ;2 ;2 ;No
Portugal;Parliamentary;1975;91.73 %;5.666.696;6.177.698;89.73 %;6.315.420;9.426.000;6.90 %;4.0 ;5 ;3 ;No
Portugal;Presidential;2016;48.70 %;4.740.008;9.732.123;53.98 %;8.781.766;10.833.816;2.16 %;1.0 ;1 ;1 ;No
Portugal;Presidential;2011;46.52 %;4.492.297;9.656.797;51.87 %;8.660.198;10.760.305;5.07 %;1.0 ;1 ;1 ;No
Portugal;Presidential;2006;61.53 %;5.590.132;9.085.339;66.97 %;8.347.336;10.566.212;1.80 %;1.0 ;1 ;1 ;No
Portugal;Presidential;2001;50.03 %;4.468.442;8.932.106;57.19 %;7.812.959;9.963.604;2.90 %;1.0 ;1 ;1 ;No
Portugal;Presidential;1996;66.29 %;5.762.978;8.693.636;77.23 %;7.461.680;9.818.000;2.50 %;1.0 ;1 ;1 ;No
Portugal;Presidential;1991;61.92 %;5.099.092;8.235.151;69.84 %;7.301.580;9.867.000;3.60 %;1.0 ;1 ;1 ;No
Portugal;Presidential;1986;78.15 %;5.939.311;7.600.001;82.40 %;7.207.920;10.011.000;1.00 %;1.5 ;1 ;2 ;No
Portugal;Presidential;1980;84.18 %;5.834.789;6.931.641;86.68 %;6.731.320;9.899.000;1.10 %;2.0 ;2 ;2 ;No
Portugal;Presidential;1976;75.42 %;4.885.624;6.477.484;75.44 %;6.476.220;9.666.000;1.40 %;2.0 ;2 ;2 ;No
Portugal;EU Parliament;2014;33.67 %;3.284.452;9.753.568;37.56 %;8.744.169;10.813.834;7.42 %;1.0 ;1 ;1 ;No
Portugal;EU Parliament;2009;36.78 %;3.568.943;9.704.559;41.55 %;8.589.299;10.707.924;1.96 %;1.0 ;1 ;1 ;No
Portugal;EU Parliament;2004;38.60 %;3.404.782;8.821.456;40.59 %;8.388.871;10.524.145;4.00 %;1.0 ;1 ;1 ;No
Portugal;EU Parliament;1999;39.93 %;3.467.085;8.681.854;44.22 %;7.840.141;10.148.883;1.44 %;1.0 ;1 ;1 ;No
Portugal;EU Parliament;1994;35.54 %;3.044.001;8.565.822;39.79 %;7.650.122;9.990.590;;1.0 ;1 ;1 ;No
Portugal;EU Parliament;1989;51.20 %;4.151.139;8.107.694;57.76 %;7.187.062;10.014.005;3.20 %;1.5 ;1 ;2 ;No
Portugal;EU Parliament;1987;72.40 %;5.638.225;7.787.603;74.88 %;7.530.007;10.034.846;2.50 %;1.5 ;1 ;2 ;No
Romania;Parliamentary;2016;37.79 %;7.323.368;18.403.044;41.12 %;17.810.217;21.599.736;3.77 %;2.0 ;2 ;2 ;No
Romania;Parliamentary;2012;41.76 %;7.694.180;18.423.066;42.81 %;17.974.764;21.848.504;3.61 %;2.0 ;2 ;2 ;No
Romania;Parliamentary;2008;39.20 %;7.238.871;18.464.274;40.48 %;17.882.585;22.060.808;4.86 %;2.0 ;2 ;2 ;No
Romania;Parliamentary;2004;58.51 %;10.794.653;18.449.344;62.26 %;17.338.014;22.355.551;5.20 %;2.5 ;3 ;2 ;No
Romania;Parliamentary;2000;65.31 %;11.559.458;17.699.727;62.16 %;18.597.776;22.303.305;6.20 %;2.0 ;2 ;2 ;No
Romania;Parliamentary;1996;76.01 %;13.088.388;17.218.654;78.20 %;16.737.320;22.618.000;6.50 %;2.5 ;2 ;3 ;No
Romania;Parliamentary;1992;76.29 %;12.496.430;16.380.663;76.16 %;16.408.080;22.789.000;12.70 %;4.0 ;4 ;4 ;No
Romania;Parliamentary;1990;79.69 %;13.707.159;17.200.722;;;;;;;;
Romania;Presidential;2014;64.11 %;11.719.344;18.280.994;66.42 %;17.645.517;21.729.871;1.42 %;2.0 ;2 ;2 ;No
Romania;Presidential;2009;58.02 %;10.620.116;18.303.224;59.24 %;17.928.402;22.011.818;1.31 %;2.0 ;2 ;2 ;No
Romania;Presidential;2004;55.21 %;10.112.262;18.316.104;58.32 %;17.338.014;22.355.551;1.03 %;2.5 ;3 ;2 ;No
Romania;Presidential;2000;56.62 %;10.020.870;17.699.727;53.88 %;18.597.776;22.303.305;;2.0 ;2 ;2 ;No
Romania;Presidential;1996;75.90 %;13.078.883;17.230.654;78.14 %;16.737.320;22.618.000;0.80 %;2.5 ;2 ;3 ;No
Romania;EU Parliament;2014;32.44 %;5.911.794;18.221.061;33.50 %;17.645.517;29.729.871;;2.0 ;2 ;2 ;No
Romania;EU Parliament;2009;27.67 %;5.035.299;18.197.316;28.09 %;17.928.402;22.011.818;3.86 %;2.0 ;2 ;2 ;No
Romania;EU Parliament;2007;29.47 %;5.370.171;18.220.601;26.91 %;19.954.907;21.565.119;4.60 %;2.0 ;2 ;2 ;No
Russian Federation;Parliamentary;2016;47.88 %;52.700.922;110.061.200;46.04 %;114.473.081;142.355.415;1.86 %;6.0 ;6 ;6 ;No
Russian Federation;Parliamentary;2011;60.10 %;65.656.526;109.237.780;57.96 %;113.276.186;138.739.892;1.57 %;5.5 ;6 ;5 ;No
Russian Federation;Parliamentary;2007;63.71 %;69.537.065;109.145.517;61.91 %;112.315.296;141.377.752;1.10 %;5.5 ;6 ;5 ;No
Russian Federation;Parliamentary;2003;55.67 %;60.633.179;108.906.244;54.34 %;111.586.387;144.526.278;1.60 %;5.0 ;5 ;5 ;No
Russian Federation;Parliamentary;1999;62.33 %;66.840.603;107.239.000;59.12 %;113.049.737;147.698.905;2.00 %;4.5 ;4 ;5 ;No
Russian Federation;Parliamentary;1995;64.73 %;69.587.454;107.496.856;62.77 %;110.864.250;147.819.000;1.90 %;3.5 ;3 ;4 ;No
Russian Federation;Parliamentary;1993;50.00 %;52.600.000;105.200.000;47.22 %;111.390.000;148.520.000;;3.5 ;3 ;4 ;No
Russian Federation;Presidential;2018;67.50 %;73.579.096;109.008.428;64.78 %;113.590.588;142.122.776;1.08 %;6.5 ;7 ;6 ;No
Russian Federation;Presidential;2012;65.27 %;71.701.665;109.860.331;63.37 %;113.140.987;138.082.178;1.17 %;5.5 ;6 ;5 ;No
Russian Federation;Presidential;2008;69.71 %;74.747.649;107.222.016;65.37 %;114.346.351;140.702.094;1.40 %;5.5 ;6 ;5 ;No
Russian Federation;Presidential;2004;64.39 %;69.581.761;108.064.281;62.22 %;111.833.865;144.526.278;0.90 %;5.5 ;6 ;5 ;No
Russian Federation;Presidential;2000;68.64 %;75.070.776;109.372.046;68.85 %;109.037.258;146.595.254;0.90 %;5.0 ;5 ;5 ;No
Russian Federation;Presidential;1996;68.88 %;74.800.449;108.589.050;67.61 %;110.642.250;147.523.000;1.20 %;3.5 ;3 ;4 ;No
Russian Federation;Presidential;1991;74.66 %;79.498.240;106.484.518;73.27 %;108.495.520;148.624.000;0.40 %;3.0 ;3 ;3 ;No
San Marino;Parliamentary;2016;59.66 %;20.276;33.985;75.24 %;26.948;33.285;4.19 %;1.0 ;1 ;1 ;No
San Marino;Parliamentary;2012;63.85 %;21.138;33.106;82.05 %;25.761;32.140;6.43 %;1.0 ;1 ;1 ;No
San Marino;Parliamentary;2008;68.48 %;21.806;31.845;88.48 %;24.646;30.749;3.83 %;1.0 ;1 ;1 ;No
San Marino;Parliamentary;2006;71.84 %;22.815;31.759;98.06 %;23.266;29.251;3.40 %;1.0 ;1 ;1 ;No
San Marino;Parliamentary;2001;73.80 %;22.648;30.688;102.83 %;22.024;26.986;3.80 %;1.0 ;1 ;1 ;No
San Marino;Parliamentary;1998;75.28 %;22.673;30.117;75.28 %;30.117;25.000;3.80 %;1.0 ;1 ;1 ;No
San Marino;Parliamentary;1993;80.30 %;22.637;28.191;80.30 %;28.191;24.000;3.80 %;1.0 ;1 ;1 ;No
San Marino;Parliamentary;1988;81.14 %;21.139;26.052;81.14 %;26.052;23.000;;;;;No
San Marino;Parliamentary;1983;79.54 %;17.204;21.630;79.54 %;21.630;22.000;;;;;No
San Marino;Parliamentary;1978;78.98 %;15.491;19.615;78.98 %;19.615;21.000;2.60 %;;;;No
San Marino;Parliamentary;1974;79.70 %;14.086;17.673;79.70 %;17.673;20.000;2.40 %;;;;No
Serbia;Parliamentary;2016;56.07 %;3.778.923;6.739.441;64.31 %;5.875.839;7.143.921;2.86 %;2.0 ;2 ;2 ;No
Serbia;Parliamentary;2014;53.09 %;3.592.375;6.766.575;63.49 %;5.658.441;7.209.764;;2.0 ;2 ;2 ;No
Serbia;Parliamentary;2012;57.77 %;3.911.136;6.770.013;67.55 %;5.790.302;7.276.604;;2.0 ;2 ;2 ;No
Serbia;Parliamentary;2008;61.35 %;4.141.176;6.749.688;70.17 %;5.901.990;7.334.935;2.20 %;2.5 ;3 ;2 ;No
Serbia;Parliamentary;2007;60.57 %;4.029.286;6.652.105;68.19 %;5.908.864;7.381.579;1.60 %;2.5 ;3 ;2 ;No
Serbia;Presidential;2017;54.36 %;3.655.365;6.724.949;62.45 %;5.852.924;7.111.024;1.65 %;2.5 ;3 ;2 ;No
Serbia;Presidential;2012;46.26 %;3.132.679;6.771.479;54.10 %;5.790.302;7.276.604;3.15 %;2.0 ;2 ;2 ;No
Serbia;Presidential;2008;68.12 %;4.580.428;6.723.762;77.61 %;5.901.990;7.334.935;1.72 %;2.5 ;3 ;2 ;No
Serbia;Presidential;2004;48.69 %;3.180.682;6.532.263;;;;1.32 %;2.5 ;3 ;2 ;
Slovakia;Parliamentary;2016;59.82 %;2.648.184;4.426.760;59.43 %;4.455.753;5.445.802;1.53 %;1.0 ;1 ;1 ;No
Slovakia;Parliamentary;2012;59.11 %;2.596.443;4.392.451;57.85 %;4.488.381;5.483.088;;1.0 ;1 ;1 ;No
Slovakia;Parliamentary;2010;58.84 %;2.566.779;4.362.369;58.38 %;4.396.639;5.470.306;1.46 %;1.0 ;1 ;1 ;No
Slovakia;Parliamentary;2006;54.67 %;2.335.917;4.272.517;56.40 %;4.141.957;5.439.448;1.40 %;1.0 ;1 ;1 ;No
Slovakia;Parliamentary;2002;70.07 %;2.913.267;4.157.802;71.63 %;4.067.252;5.379.455;1.30 %;1.5 ;1 ;2 ;No
Slovakia;Parliamentary;1998;84.25 %;3.389.346;4.023.191;78.86 %;4.297.856;5.274.335;1.70 %;2.0 ;2 ;2 ;No
Slovakia;Parliamentary;1994;75.41 %;2.923.265;3.876.555;75.93 %;3.849.840;5.347.000;1.60 %;2.5 ;2 ;3 ;No
Slovakia;Parliamentary;1992;84.68 %;9.750.978;11.515.699;83.76 %;11.640.940;15.731.000;1.70 %;2.0 ;;;No
Slovakia;Parliamentary;1990;96.33 %;10.785.270;11.195.596;93.06 %;11.589.140;15.661.000;1.40 %;2.0 ;;;No
Slovakia;Presidential;2014;50.48 %;2.224.382;4.406.261;51.11 %;4.351.806;5.443.583;1.04 %;1.0 ;1 ;1 ;No
Slovakia;Presidential;2009;51.67 %;2.242.162;4.339.257;51.25 %;4.375.254;5.463.046;0.83 %;1.0 ;1 ;1 ;No
Slovakia;Presidential;2004;43.48 %;1.827.282;4.202.597;44.12 %;4.141.957;5.430.033;1.39 %;1.0 ;1 ;1 ;No
Slovakia;Presidential;1999;75.42 %;3.047.814;4.041.181;80.91 %;3.767.042;5.392.982;0.88 %;1.5 ;1 ;2 ;No
Slovakia;EU Parliament;2014;13.05 %;575.876;4.414.433;13.14 %;4.381.043;5.443.583;2.66 %;1.0 ;1 ;1 ;No
Slovakia;EU Parliament;2009;19.64 %;853.533;4.345.773;19.51 %;4.375.254;5.463.046;3.02 %;1.0 ;1 ;1 ;No
Slovakia;EU Parliament;2004;16.97 %;714.508;4.210.463;17.45 %;4.093.515;5.380.053;1.80 %;1.5 ;1 ;2 ;No
Slovenia;Parliamentary;2018;52.64 %;901.512;1.712.676;54.58 %;1.651.708;1.965.706;1.15 %;1.0 ;1 ;1 ;No
Slovenia;Parliamentary;2014;51.73 %;886.124;1.713.067;54.09 %;1.638.247;1.988.292;1.30 %;1.0 ;1 ;1 ;No
Slovenia;Parliamentary;2011;65.60 %;1.121.475;1.709.692;66.99 %;1.674.170;2.000.092;1.71 %;1.0 ;1 ;1 ;No
Slovenia;Parliamentary;2008;63.10 %;1.070.523;1.696.437;65.04 %;1.645.967;2.007.711;1.70 %;1.0 ;1 ;1 ;No
Slovenia;Parliamentary;2004;60.64 %;991.123;1.634.402;61.09 %;1.622.422;2.011.473;2.30 %;1.0 ;1 ;1 ;No
Slovenia;Parliamentary;2000;70.36 %;1.116.423;1.586.695;72.33 %;1.543.425;1.987.985;3.30 %;1.5 ;1 ;2 ;No
Slovenia;Parliamentary;1996;73.67 %;1.136.211;1.542.218;75.75 %;1.499.960;1.948.000;5.90 %;1.5 ;1 ;2 ;No
Slovenia;Parliamentary;1992;85.90 %;1.280.243;1.490.434;85.52 %;1.497.000;1.996.000;7.00 %;2.0 ;2 ;2 ;No
Slovenia;Presidential;2012;42.41 %;725.768;1.711.461;43.41 %;1.671.967;1.996.617;2.05 %;1.0 ;1 ;1 ;No
Slovenia;Presidential;2007;58.45 %;1.005.359;1.720.174;61.26 %;1.641.161;2.009.245;0.97 %;1.0 ;1 ;1 ;No
Slovenia;Presidential;2002;65.24 %;1.050.533;1.610.234;65.47 %;1.604.505;1.930.132;1.36 %;1.0 ;1 ;1 ;No
Slovenia;Presidential;1997;68.65 %;1.064.532;1.550.775;71.18 %;1.495.460;1.942.000;2.10 %;1.5 ;1 ;2 ;No
Slovenia;Presidential;1992;85.84 %;1.280.252;1.491.374;85.52 %;1.497.000;1.996.000;;2.0 ;2 ;2 ;No
Slovenia;Presidential;1990;;1.153.335;;76.97 %;1.498.500;1.998.000;2.30 %;;;;No
Slovenia;EU Parliament;2014;24.55 %;419.975;1.710.856;25.64 %;1.638.247;1.988.292;4.19 %;1.0 ;1 ;1 ;No
Slovenia;EU Parliament;2009;28.33 %;481.559;1.699.744;28.83 %;1.670.570;2.005.692;3.86 %;1.0 ;1 ;1 ;No
Slovenia;EU Parliament;2004;28.35 %;461.879;1.628.918;31.87 %;1.449.120;1.996.433;5.60 %;1.0 ;1 ;1 ;No
Spain;Parliamentary;2016;69.84 %;24.161.083;34.597.038;60.87 %;39.691.061;48.563.476;1.68 %;1.0 ;1 ;1 ;No
Spain;Parliamentary;2015;73.20 %;25.350.447;34.631.086;64.39 %;39.368.731;48.146.134;1.64 %;1.0 ;1 ;1 ;No
Spain;Parliamentary;2011;68.94 %;24.666.441;35.779.491;63.26 %;38.995.155;47.021.031;1.29 %;1.0 ;1 ;1 ;No
Spain;Parliamentary;2008;75.32 %;25.514.671;33.875.268;69.30 %;36.819.817;45.283.259;1.80 %;1.0 ;1 ;1 ;No
Spain;Parliamentary;2004;75.66 %;26.155.436;34.571.831;76.25 %;34.304.048;42.345.342;2.60 %;1.0 ;1 ;1 ;No
Spain;Parliamentary;2000;68.71 %;23.339.490;33.969.640;73.79 %;31.631.640;39.394.773;0.70 %;1.5 ;1 ;2 ;No
Spain;Parliamentary;1996;78.06 %;24.985.097;32.007.554;80.56 %;31.013.030;39.257.000;1.50 %;1.5 ;1 ;2 ;No
Spain;Parliamentary;1993;77.05 %;23.907.495;31.030.511;77.43 %;30.875.570;39.083.000;1.30 %;1.5 ;1 ;2 ;No
Spain;Parliamentary;1989;70.01 %;20.788.160;29.694.055;71.28 %;29.166.000;38.888.000;1.40 %;1.0 ;1 ;1 ;No
Spain;Parliamentary;1986;70.37 %;20.489.651;29.117.613;73.72 %;27.794.880;38.604.000;2.10 %;1.5 ;1 ;2 ;No
Spain;Parliamentary;1982;79.83 %;21.439.152;26.855.301;83.11 %;25.795.580;37.935.000;2.40 %;1.5 ;1 ;2 ;No
Spain;Parliamentary;1979;68.13 %;18.284.948;26.836.500;72.32 %;25.284.440;37.183.000;1.80 %;2.0 ;2 ;2 ;No
Spain;Parliamentary;1977;76.96 %;18.175.327;23.616.421;79.36 %;22.901.130;36.351.000;1.70 %;2.5 ;2 ;3 ;No
Spain;EU Parliament;2014;43.81 %;15.998.141;36.514.084;41.21 %;38.823.070;47.737.941;1.80 %;1.0 ;1 ;1 ;No
Spain;EU Parliament;2009;44.90 %;15.935.147;35.492.567;41.89 %;38.044.945;46.157.822;0.63 %;1.0 ;1 ;1 ;No
Spain;EU Parliament;2004;45.14 %;15.666.491;34.706.044;45.67 %;34.304.048;42.345.342;0.98 %;1.0 ;1 ;1 ;No
Spain;EU Parliament;1999;63.05 %;21.334.948;33.840.432;67.64 %;31.544.062;39.802.827;0.79 %;1.5 ;1 ;2 ;No
Spain;EU Parliament;1994;59.14 %;18.664.055;31.558.999;62.72 %;29.759.719;39.246.833;0.46 %;1.5 ;1 ;2 ;No
Spain;EU Parliament;1989;54.60 %;15.989.054;29.283.982;57.11 %;27.994.949;38.756.648;2.30 %;1.0 ;1 ;1 ;No
Spain;EU Parliament;1987;68.90 %;19.593.304;28.437.306;71.62 %;27.357.811;38.586.591;2.10 %;1.5 ;1 ;2 ;No
Sweden;Parliamentary;2018;87.18 %;6.535.271;7.495.936;82.08 %;7.962.006;10.040.995;0.90 %;1.0 ;1 ;1 ;No
Sweden;Parliamentary;2014;85.81 %;6.290.016;7.330.432;82.61 %;7.614.029;9.723.809;0.92 %;1.0 ;1 ;1 ;No
Sweden;Parliamentary;2010;84.63 %;6.028.682;7.123.651;82.63 %;7.296.284;9.074.055;1.14 %;1.0 ;1 ;1 ;No
Sweden;Parliamentary;2006;81.99 %;5.650.416;6.892.009;80.60 %;7.010.777;9.082.995;1.80 %;1.0 ;1 ;1 ;No
Sweden;Parliamentary;2002;80.11 %;5.385.430;6.722.152;78.04 %;6.900.985;8.876.744;1.50 %;1.0 ;1 ;1 ;No
Sweden;Parliamentary;1998;81.39 %;5.374.588;6.603.129;77.72 %;6.915.438;8.780.000;2.10 %;1.0 ;1 ;1 ;No
Sweden;Parliamentary;1994;86.82 %;5.640.393;6.496.365;82.36 %;6.848.400;8.780.000;1.50 %;1.0 ;1 ;1 ;No
Sweden;Parliamentary;1991;86.74 %;5.562.920;6.413.172;82.77 %;6.721.260;8.617.000;1.70 %;1.0 ;1 ;1 ;No
Sweden;Parliamentary;1988;85.96 %;5.441.050;6.330.023;82.68 %;6.580.860;8.437.000;1.20 %;1.0 ;1 ;1 ;No
Sweden;Parliamentary;1985;89.85 %;5.615.242;6.249.445;86.22 %;6.513.000;8.350.000;0.90 %;1.0 ;1 ;1 ;No
Sweden;Parliamentary;1982;91.45 %;5.606.603;6.130.993;88.61 %;6.327.000;8.325.000;0.90 %;1.0 ;1 ;1 ;No
Sweden;Parliamentary;1979;90.72 %;5.480.126;6.040.461;86.94 %;6.303.440;8.294.000;0.60 %;1.0 ;1 ;1 ;No
Sweden;Parliamentary;1976;91.76 %;5.457.043;5.947.077;88.49 %;6.166.500;8.222.000;0.40 %;1.0 ;1 ;1 ;No
Sweden;Parliamentary;1973;90.84 %;5.168.996;5.690.333;85.81 %;6.023.600;8.140.000;0.20 %;1.0 ;1 ;1 ;No
Sweden;Parliamentary;1970;88.28 %;4.984.207;5.645.804;87.31 %;5.708.400;8.040.000;0.20 %;;;;No
Sweden;Parliamentary;1968;89.29 %;4.861.901;5.445.333;86.57 %;5.616.100;7.910.000;0.70 %;;;;No
Sweden;Parliamentary;1964;83.86 %;4.273.595;5.095.850;80.85 %;5.286.090;7.661.000;0.70 %;;;;No
Sweden;Parliamentary;1960;85.91 %;4.271.610;4.972.177;82.76 %;5.161.200;7.480.000;0.40 %;;;;No
Sweden;Parliamentary;1958;77.42 %;3.864.963;4.992.421;75.60 %;5.112.210;7.409.000;0.50 %;;;;No
Sweden;Parliamentary;1956;79.84 %;3.902.114;4.887.325;77.31 %;5.047.350;7.315.000;0.60 %;;;;No
Sweden;Parliamentary;1952;79.11 %;3.801.284;4.805.216;77.32 %;4.916.250;7.125.000;0.50 %;;;;No
Sweden;Parliamentary;1948;82.74 %;3.895.161;4.707.783;82.02 %;4.749.270;6.883.000;0.40 %;;;;No
Sweden;EU Parliament;2014;51.07 %;3.758.951;7.359.962;49.37 %;7.614.029;9.723.809;1.13 %;1.0 ;1 ;1 ;No
Sweden;EU Parliament;2009;45.53 %;3.227.561;7.088.303;46.76 %;6.902.400;9.283.677;1.83 %;1.0 ;1 ;1 ;No
Sweden;EU Parliament;2004;37.85 %;2.584.464;6.827.870;37.27 %;6.934.040;8.975.670;2.80 %;1.0 ;1 ;1 ;No
Sweden;EU Parliament;1999;38.84 %;2.588.514;6.664.205;38.05 %;6.802.648;8.854.322;2.28 %;1.0 ;1 ;1 ;No
Sweden;EU Parliament;1995;41.63 %;2.727.317;6.551.781;40.44 %;6.743.933;8.816.381;1.62 %;1.0 ;1 ;1 ;No
Switzerland;Parliamentary;2015;48.51 %;2.563.052;5.283.556;38.63 %;6.634.505;8.121.830;1.62 %;1.0 ;1 ;1 ;No
Switzerland;Parliamentary;2011;49.50 %;2.485.403;5.124.034;39.59 %;6.278.531;7.639.961;1.72 %;1.0 ;1 ;1 ;No
Switzerland;Parliamentary;2007;48.28 %;2.373.071;4.915.623;39.79 %;5.964.448;7.554.661;1.80 %;1.0 ;1 ;1 ;No
Switzerland;Parliamentary;2003;45.23 %;2.161.921;4.779.733;37.27 %;5.801.412;7.318.638;1.75 %;1.0 ;1 ;1 ;No
Switzerland;Parliamentary;1999;43.30 %;2.004.408;4.628.782;34.94 %;5.736.298;7.214.950;1.70 %;1.0 ;1 ;1 ;No
Switzerland;Parliamentary;1995;42.22 %;1.940.622;4.596.209;35.66 %;5.442.360;7.068.000;1.82 %;1.0 ;1 ;1 ;No
Switzerland;Parliamentary;1991;46.05 %;2.076.901;4.510.521;39.67 %;5.236.000;6.800.000;1.58 %;1.0 ;1 ;1 ;No
Switzerland;Parliamentary;1987;46.47 %;1.958.456;4.214.595;39.90 %;4.908.750;6.545.000;1.23 %;1.0 ;1 ;1 ;No
Switzerland;Parliamentary;1983;48.91 %;1.989.960;4.068.940;40.79 %;4.878.750;6.505.000;1.51 %;1.0 ;1 ;1 ;No
Switzerland;Parliamentary;1979;48.05 %;1.856.651;3.864.285;40.60 %;4.572.720;6.351.000;1.26 %;1.0 ;1 ;1 ;No
Switzerland;Parliamentary;1975;52.36 %;1.955.740;3.735.037;43.62 %;4.483.500;6.405.000;1.25 %;1.0 ;1 ;1 ;No
Switzerland;Parliamentary;1971;56.86 %;2.018.077;3.549.426;45.42 %;4.442.771;6.230.000;1.28 %;;;;Yes
Switzerland;Parliamentary;1967;65.72 %;1.019.907;1.551.909;53.21 %;1.916.800;5.990.000;1.77 %;;;;Yes
Switzerland;Parliamentary;1963;66.11 %;986.997;1.493.026;53.46 %;1.846.400;5.770.000;1.82 %;;;;Yes
Switzerland;Parliamentary;1959;68.46 %;1.008.563;1.473.155;58.11 %;1.735.470;5.259.000;1.94 %;;;;Yes
Switzerland;Parliamentary;1955;70.08 %;998.881;1.425.421;60.78 %;1.643.400;4.980.000;1.69 %;;;;Yes
Switzerland;Parliamentary;1951;71.20 %;986.937;1.386.146;62.98 %;1.567.170;4.749.000;1.92 %;;;;Yes
Switzerland;Parliamentary;1947;72.44 %;985.498;1.360.453;66.01 %;1.492.920;4.524.000;1.91 %;;;;Yes
Ukraine;Parliamentary;2014;52.42 %;18.174.440;34.670.814;49.98 %;36.363.250;44.291.413;;3.5 ;4 ;3 ;No
Ukraine;Parliamentary;2012;57.40 %;20.759.472;36.163.839;55.94 %;37.107.767;44.854.065;1.97 %;3.5 ;4 ;3 ;No
Ukraine;Parliamentary;2007;62.03 %;23.315.257;37.588.040;62.73 %;37.165.613;46.299.862;4.40 %;2.5 ;3 ;2 ;No
Ukraine;Parliamentary;2006;67.19 %;24.990.424;37.191.928;67.20 %;37.188.299;46.929.500;1.77 %;2.5 ;3 ;2 ;No
Ukraine;Parliamentary;2002;69.24 %;25.874.271;37.368.748;69.57 %;37.189.218;48.760.474;3.90 %;4.0 ;4 ;4 ;No
Ukraine;Parliamentary;1998;70.65 %;26.521.273;37.540.092;68.11 %;38.939.136;51.235.704;3.10 %;3.5 ;3 ;4 ;No
Ukraine;Parliamentary;1994;75.81 %;28.963.982;38.204.100;73.42 %;39.451.600;51.910.000;6.30 %;3.5 ;3 ;4 ;No
Ukraine;Presidential;2014;60.82 %;18.019.504;29.625.200;49.55 %;36.363.250;44.291.413;;3.5 ;4 ;3 ;No
Ukraine;Presidential;2010;69.70 %;25.493.529;36.576.763;67.95 %;37.518.273;45.415.596;1.19 %;2.5 ;3 ;2 ;No
Ukraine;Presidential;2004;77.28 %;29.068.971;37.613.022;78.13 %;37.206.111;47.732.079;1.45 %;3.5 ;4 ;3 ;No
Ukraine;Presidential;1999;74.92 %;28.231.774;37.680.581;73.77 %;38.272.306;50.054.276;2.50 %;3.5 ;3 ;4 ;No
Ukraine;Presidential;1994;71.63 %;26.883.642;37.531.666;68.14 %;39.451.600;51.910.000;;3.5 ;3 ;4 ;No
United Kingdom;Parliamentary;2017;68.93 %;32.278.330;46.824.978;62.88 %;51.329.650;64.769.452;0.23 %;1.0 ;1 ;1 ;No
United Kingdom;Parliamentary;2015;66.12 %;30.697.860;46.425.386;60.45 %;50.780.423;64.088.222;;1.0 ;1 ;1 ;No
United Kingdom;Parliamentary;2010;65.77 %;29.991.471;45.597.461;61.06 %;49.116.522;62.348.447;1.03 %;1.0 ;1 ;1 ;No
United Kingdom;Parliamentary;2005;61.36 %;27.148.510;44.245.939;58.32 %;46.554.470;60.270.708;0.30 %;1.0 ;1 ;1 ;No
United Kingdom;Parliamentary;2001;59.38 %;26.365.192;44.403.238;57.56 %;45.804.132;59.434.645;0.40 %;1.5 ;1 ;2 ;No
United Kingdom;Parliamentary;1997;71.46 %;31.289.097;43.784.559;69.39 %;45.093.510;58.563.000;0.20 %;1.5 ;1 ;2 ;No
United Kingdom;Parliamentary;1992;77.83 %;33.653.800;43.240.084;75.36 %;44.658.460;57.998.000;0.10 %;1.5 ;1 ;2 ;No
United Kingdom;Parliamentary;1987;75.42 %;32.566.523;43.180.573;75.17 %;43.326.080;57.008.000;0.10 %;1.0 ;1 ;1 ;No
United Kingdom;Parliamentary;1983;72.81 %;30.722.241;42.192.999;71.70 %;42.846.520;56.377.000;0.20 %;1.0 ;1 ;1 ;No
United Kingdom;Parliamentary;1979;76.00 %;31.233.208;41.095.490;75.06 %;41.608.720;56.228.000;0.40 %;1.0 ;1 ;1 ;No
United Kingdom;Parliamentary;1974;72.93 %;29.226.810;40.072.970;77.88 %;40.298.400;55.970.000;0.10 %;1.0 ;1 ;1 ;No
United Kingdom;Parliamentary;1970;72.15 %;28.386.145;39.342.013;71.15 %;39.895.200;55.410.000;0.10 %;;;;No
United Kingdom;Parliamentary;1966;75.96 %;27.314.646;35.957.245;73.77 %;37.026.000;54.450.000;0.20 %;;;;No
United Kingdom;Parliamentary;1964;77.17 %;27.698.221;35.894.054;75.13 %;36.864.840;54.213.000;0.10 %;;;;No
United Kingdom;Parliamentary;1959;78.71 %;27.862.652;35.397.304;77.46 %;35.968.320;52.128.000;;;;;No
United Kingdom;Parliamentary;1955;76.78 %;26.759.729;34.852.179;75.75 %;35.327.310;51.199.000;;;;;No
United Kingdom;Parliamentary;1951;81.89 %;28.596.594;34.919.331;81.36 %;35.148.400;50.202.000;;;;;No
United Kingdom;Parliamentary;1950;83.61 %;28.771.124;34.412.255;81.59 %;35.261.100;50.373.000;;;;;No
United Kingdom;Parliamentary;1945;72.55 %;24.117.191;33.240.391;70.05 %;34.427.400;49.182.000;;;;;No
United Kingdom;EU Parliament;2014;35.40 %;16.454.990;46.482.909;33.20 %;49.557.644;63.742.977;;1.0 ;1 ;1 ;No
United Kingdom;EU Parliament;2009;34.48 %;15.625.823;45.315.669;32.05 %;48.758.032;61.996.848;3.18 %;1.0 ;1 ;1 ;No
United Kingdom;EU Parliament;2004;39.21 %;17.312.030;44.157.267;37.89 %;45.684.593;59.699.828;1.76 %;1.0 ;1 ;1 ;No
United Kingdom;EU Parliament;1999;24.02 %;10.689.847;44.495.741;24.08 %;44.397.675;58.579.685;;1.5 ;1 ;2 ;No
United Kingdom;EU Parliament;1994;36.43 %;15.827.417;43.443.944;36.13 %;43.803.344;57.788.017;;1.5 ;1 ;2 ;No
United Kingdom;EU Parliament;1989;36.21 %;15.829.054;43.710.568;36.87 %;42.928.786;56.996.450;0.00 %;1.0 ;1 ;1 ;No
United Kingdom;EU Parliament;1984;32.57 %;13.998.190;42.984.998;33.69 %;41.555.327;56.362.502;0.00 %;1.0 ;1 ;1 ;No
United Kingdom;EU Parliament;1979;32.34 %;13.446.091;41.573.897;33.29 %;40.389.044;56.209.039;0.00 %;1.0 ;1 ;1 ;No
Yugoslavia. FR/Union of Serbia and Montenegro;Parliamentary;2003;58.75 %;3.825.471;6.511.450;63.97 %;5.979.859;7.480.591;1.30 %;2.5 ;3 ;2 ;No
Yugoslavia. FR/Union of Serbia and Montenegro;Parliamentary;2000;64.17 %;5.036.478;7.848.818;;;;4.50 %;;;;No
Yugoslavia. FR/Union of Serbia and Montenegro;Parliamentary;1996;53.29 %;4.047.230;7.594.404;52.19 %;7.755.520;10.624.000;;;;;No
Yugoslavia. FR/Union of Serbia and Montenegro;Parliamentary;1993;67.39 %;4.983.606;7.394.772;65.11 %;7.654.050;10.485.000;5.50 %;;;;No
Yugoslavia. FR/Union of Serbia and Montenegro;Presidential;2004;48.69 %;3.180.682;6.532.263;48.34 %;6.448.799;7.463.157;1.30 %;2.5 ;3 ;2 ;No
Yugoslavia. FR/Union of Serbia and Montenegro;Presidential;2003;38.79 %;2.523.889;6.506.505;42.21 %;5.979.859;7.480.591;3.40 %;2.5 ;3 ;2 ;No
Yugoslavia. FR/Union of Serbia and Montenegro;Presidential;2002;45.16 %;2.946.716;6.525.760;56.52 %;6.434.760;;2.70 %;3.0 ;3 ;3 ;No
Yugoslavia. FR/Union of Serbia and Montenegro;Presidential;2000;71.55 %;4.916.920;6.871.595;;;;2.80 %;;;;No
Yugoslavia. SFR (1943-1992);Parliamentary;1992;56.07 %;4.080.465;7.277.471;54.26 %;7.520.400;10.445.000;11.00 %;;;;No
Yugoslavia. SFR (1943-1992);Parliamentary;1953;89.37 %;9.455.980;10.580.648;84.32 %;11.214.060;16.991.000;;;;;No
Yugoslavia. SFR (1943-1992);Parliamentary;1950;91.94 %;9.061.780;9.856.501;85.82 %;10.559.250;16.245.000;;;;;No
Yugoslavia. SFR (1943-1992);Parliamentary;1945;88.66 %;7.432.469;8.383.455;73.16 %;10.158.550;15.629.000;;;;;No
